,StartDate,EndDate,Duration,Was_snowboard_sold_McNeil_defective_14,Is_substantial_factor_McNeil_injuries_14,Non_economic_damages_McNeil_suffered_14,Was_McNeil_negligent,McNeil_negligence_substantial_factor_for_injuries,Percentage_of_responsibility_X5,Percentage_of_responsibility_McNeil,Was_snowboard_sold_McNeil_defective_58,Is_substantial_factor_McNeil_injuries_58,Economic_damages_McNeil_suffer_58,Non_economic_damages_McNeil_suffered_58,Q40,Q41,Path,Education,Income,Total_perc,Liability,is_substantial,Liability_updated,Total_Damages,Discounted_Damages
25,2018-04-06 13:15:00,2018-04-06 13:32:00,1039,,,0.0,,,1.0,1.0,6,,0.0,0.0,3.0,1,5,5,2,-2.0,No,,no,0.0,0.0
26,2018-04-06 13:17:00,2018-04-06 13:33:00,915,4,6.0,0.0,,,1.0,1.0,,,0.0,0.0,2.0,,1,4,3,-2.0,No,6.0,no,0.0,0.0
27,2018-04-06 13:15:00,2018-04-06 13:33:00,1051,4,5.0,500000.0,2.0,2.0,1.0,1.0,,,0.0,0.0,1.0,1,1,6,5,-2.0,Yes,5.0,yes,500000.0,500000.0
28,2018-04-06 13:15:00,2018-04-06 13:33:00,1092,6,,0.0,,,1.0,1.0,,,0.0,0.0,3.0,1,1,3,3,-2.0,No,,no,0.0,0.0
29,2018-04-06 13:14:00,2018-04-06 13:33:00,1135,4,5.0,350000.0,1.0,1.0,0.75,0.25,,,0.0,0.0,1.0,1,2,6,4,100.0,Yes,5.0,yes,350000.0,262500.0
30,2018-04-06 13:15:00,2018-04-06 13:33:00,1122,6,,0.0,,,1.0,1.0,,,0.0,0.0,3.0,3,2,3,2,-2.0,No,,no,0.0,0.0
32,2018-04-06 13:14:00,2018-04-06 13:34:00,1168,6,,0.0,,,1.0,1.0,,,0.0,0.0,3.0,1,2,4,2,-2.0,No,,no,0.0,0.0
34,2018-04-06 13:14:00,2018-04-06 13:34:00,1184,,,0.0,,,1.0,1.0,6,,0.0,0.0,3.0,3,5,4,3,-2.0,No,,no,0.0,0.0
36,2018-04-06 13:14:00,2018-04-06 13:34:00,1199,6,,0.0,,,1.0,1.0,,,0.0,0.0,3.0,,1,6,3,-2.0,No,,no,0.0,0.0
37,2018-04-06 13:15:00,2018-04-06 13:34:00,1158,,,0.0,,,1.0,1.0,6,,0.0,0.0,3.0,,7,6,4,-2.0,No,,no,0.0,0.0
38,2018-04-06 13:15:00,2018-04-06 13:34:00,1143,6,,0.0,,,1.0,1.0,,,0.0,0.0,3.0,1,1,7,5,-2.0,No,,no,0.0,0.0
39,2018-04-06 13:17:00,2018-04-06 13:35:00,1076,6,,0.0,,,1.0,1.0,,,0.0,0.0,3.0,3,1,4,3,-2.0,No,,no,0.0,0.0
40,2018-04-06 13:14:00,2018-04-06 13:35:00,1222,,,0.0,,,1.0,1.0,6,,0.0,0.0,3.0,3,6,6,3,-2.0,No,,no,0.0,0.0
41,2018-04-06 13:15:00,2018-04-06 13:35:00,1186,,,0.0,,,1.0,1.0,6,,0.0,0.0,3.0,1,7,6,2,-2.0,No,,no,0.0,0.0
42,2018-04-06 13:15:00,2018-04-06 13:35:00,1199,6,,0.0,,,1.0,1.0,,,0.0,0.0,3.0,1,1,6,5,-2.0,No,,no,0.0,0.0
43,2018-04-06 13:15:00,2018-04-06 13:35:00,1194,6,,0.0,,,1.0,1.0,,,0.0,0.0,3.0,1,1,6,5,-2.0,No,,no,0.0,0.0
44,2018-04-06 13:15:00,2018-04-06 13:35:00,1202,6,,0.0,,,1.0,1.0,,,0.0,0.0,3.0,1,2,6,4,-2.0,No,,no,0.0,0.0
45,2018-04-06 13:15:00,2018-04-06 13:35:00,1186,4,5.0,100000.0,1.0,1.0,0.75,0.25,,,0.0,0.0,1.0,,1,6,5,100.0,Yes,5.0,yes,100000.0,75000.0
46,2018-04-06 13:16:00,2018-04-06 13:35:00,1160,,,0.0,,,1.0,1.0,6,,0.0,0.0,3.0,3,5,6,2,-2.0,No,,no,0.0,0.0
47,2018-04-06 13:15:00,2018-04-06 13:35:00,1198,6,,0.0,,,1.0,1.0,,,0.0,0.0,3.0,3,2,6,3,-2.0,No,,no,0.0,0.0
48,2018-04-06 13:15:00,2018-04-06 13:35:00,1187,,,0.0,,,1.0,1.0,6,,0.0,0.0,3.0,1,6,4,4,-2.0,No,,no,0.0,0.0
49,2018-04-06 13:15:00,2018-04-06 13:35:00,1210,6,,0.0,,,1.0,1.0,,,0.0,0.0,3.0,1,1,4,4,-2.0,No,,no,0.0,0.0
50,2018-04-06 13:15:00,2018-04-06 13:35:00,1204,,,0.0,,,1.0,1.0,6,,0.0,0.0,3.0,,5,3,1,-2.0,No,,no,0.0,0.0
51,2018-04-06 13:14:00,2018-04-06 13:35:00,1264,4,6.0,0.0,,,1.0,1.0,,,0.0,0.0,3.0,1,3,6,3,-2.0,No,6.0,no,0.0,0.0
53,2018-04-06 13:16:00,2018-04-06 13:36:00,1204,,,0.0,,,1.0,1.0,6,,0.0,0.0,3.0,3,5,7,5,-2.0,No,,no,0.0,0.0
54,2018-04-06 13:15:00,2018-04-06 13:36:00,1218,,,0.0,,,1.0,1.0,6,,0.0,0.0,3.0,1,6,7,5,-2.0,No,,no,0.0,0.0
55,2018-04-06 13:14:00,2018-04-06 13:36:00,1298,6,,0.0,,,1.0,1.0,,,0.0,0.0,3.0,,3,6,3,-2.0,No,,no,0.0,0.0
56,2018-04-06 13:14:00,2018-04-06 13:36:00,1287,4,5.0,500000.0,2.0,2.0,1.0,1.0,,,0.0,0.0,1.0,3,4,5,3,-2.0,Yes,5.0,yes,500000.0,500000.0
58,2018-04-06 13:15:00,2018-04-06 13:36:00,1270,,,0.0,,,1.0,1.0,6,,0.0,0.0,2.0,1,8,6,4,-2.0,No,,no,0.0,0.0
60,2018-04-06 13:15:00,2018-04-06 13:36:00,1244,,,0.0,1.0,1.0,0.5,0.5,4,5.0,10000.0,490000.0,1.0,3,5,5,5,100.0,Yes,5.0,yes,500000.0,250000.0
61,2018-04-06 13:17:00,2018-04-06 13:36:00,1134,6,,0.0,,,1.0,1.0,,,0.0,0.0,2.0,3,2,6,2,-2.0,No,,no,0.0,0.0
62,2018-04-06 13:14:00,2018-04-06 13:36:00,1293,,,0.0,,,1.0,1.0,6,,0.0,0.0,3.0,1,6,7,4,-2.0,No,,no,0.0,0.0
63,2018-04-06 13:15:00,2018-04-06 13:36:00,1248,6,,0.0,,,1.0,1.0,,,0.0,0.0,3.0,1,1,3,2,-2.0,No,,no,0.0,0.0
65,2018-04-06 13:15:00,2018-04-06 13:36:00,1252,6,,0.0,,,1.0,1.0,,,0.0,0.0,3.0,,4,4,3,-2.0,No,,no,0.0,0.0
66,2018-04-06 13:15:00,2018-04-06 13:36:00,1259,6,,0.0,,,1.0,1.0,,,0.0,0.0,3.0,1,4,7,5,-2.0,No,,no,0.0,0.0
67,2018-04-06 13:14:00,2018-04-06 13:36:00,1339,4,5.0,400000.0,1.0,1.0,0.9,0.1,,,0.0,0.0,2.0,1,3,6,4,100.0,Yes,5.0,yes,400000.0,360000.0
70,2018-04-06 13:14:00,2018-04-06 13:36:00,1348,,,0.0,,,1.0,1.0,6,,0.0,0.0,3.0,3,7,4,3,-2.0,No,,no,0.0,0.0
71,2018-04-06 13:15:00,2018-04-06 13:36:00,1283,,,0.0,,,1.0,1.0,6,,0.0,0.0,3.0,1,5,6,4,-2.0,No,,no,0.0,0.0
73,2018-04-06 13:17:00,2018-04-06 13:36:00,1176,6,,0.0,,,1.0,1.0,,,0.0,0.0,2.0,3,2,7,3,-2.0,No,,no,0.0,0.0
74,2018-04-06 13:19:00,2018-04-06 13:37:00,1062,,,0.0,,,1.0,1.0,4,6.0,0.0,0.0,3.0,1,5,4,3,-2.0,No,6.0,no,0.0,0.0
75,2018-04-06 13:15:00,2018-04-06 13:37:00,1318,,,0.0,,,1.0,1.0,6,,0.0,0.0,3.0,1,5,5,3,-2.0,No,,no,0.0,0.0
76,2018-04-06 13:16:00,2018-04-06 13:37:00,1259,4,5.0,100000.0,2.0,2.0,1.0,1.0,,,0.0,0.0,2.0,3,1,6,2,-2.0,Yes,5.0,yes,100000.0,100000.0
77,2018-04-06 13:14:00,2018-04-06 13:37:00,1372,,,0.0,,,1.0,1.0,6,,0.0,0.0,3.0,1,7,6,2,-2.0,No,,no,0.0,0.0
78,2018-04-06 13:16:00,2018-04-06 13:37:00,1227,6,,0.0,,,1.0,1.0,,,0.0,0.0,3.0,1,4,6,5,-2.0,No,,no,0.0,0.0
79,2018-04-06 13:15:00,2018-04-06 13:37:00,1322,,,0.0,,,1.0,1.0,6,,0.0,0.0,3.0,1,7,5,2,-2.0,No,,no,0.0,0.0
80,2018-04-06 13:15:00,2018-04-06 13:37:00,1319,4,5.0,400000.0,2.0,2.0,1.0,1.0,,,0.0,0.0,2.0,3,3,6,2,-2.0,Yes,5.0,yes,400000.0,400000.0
82,2018-04-06 13:15:00,2018-04-06 13:37:00,1355,,,0.0,,,1.0,1.0,6,,0.0,0.0,3.0,1,5,6,3,-2.0,No,,no,0.0,0.0
84,2018-04-06 13:14:00,2018-04-06 13:37:00,1396,4,5.0,500000.0,2.0,2.0,1.0,1.0,,,0.0,0.0,3.0,1,4,3,5,-2.0,Yes,5.0,yes,500000.0,500000.0
85,2018-04-06 13:16:00,2018-04-06 13:37:00,1271,4,5.0,400000.0,1.0,1.0,0.8,0.2,,,0.0,0.0,2.0,1,3,6,5,100.0,Yes,5.0,yes,400000.0,320000.0
86,2018-04-06 13:15:00,2018-04-06 13:37:00,1330,,,0.0,,,1.0,1.0,6,,0.0,0.0,3.0,,5,4,1,-2.0,No,,no,0.0,0.0
87,2018-04-06 13:16:00,2018-04-06 13:37:00,1290,,,0.0,2.0,2.0,1.0,1.0,4,5.0,10000.0,490000.0,2.0,1,8,4,3,-2.0,Yes,5.0,yes,500000.0,500000.0
88,2018-04-06 13:16:00,2018-04-06 13:38:00,1312,,,0.0,,,1.0,1.0,6,,0.0,0.0,3.0,1,5,6,5,-2.0,No,,no,0.0,0.0
89,2018-04-06 13:17:00,2018-04-06 13:38:00,1238,,,0.0,,,1.0,1.0,6,,0.0,0.0,3.0,1,6,6,4,-2.0,No,,no,0.0,0.0
90,2018-04-06 13:16:00,2018-04-06 13:38:00,1274,6,,0.0,,,1.0,1.0,,,0.0,0.0,3.0,1,2,4,4,-2.0,No,,no,0.0,0.0
91,2018-04-06 13:17:00,2018-04-06 13:38:00,1219,6,,0.0,,,1.0,1.0,,,0.0,0.0,2.0,1,2,6,4,-2.0,No,,no,0.0,0.0
92,2018-04-06 13:17:00,2018-04-06 13:38:00,1262,,,0.0,,,1.0,1.0,6,,0.0,0.0,3.0,1,7,4,5,-2.0,No,,no,0.0,0.0
93,2018-04-06 13:15:00,2018-04-06 13:38:00,1384,6,,0.0,,,1.0,1.0,,,0.0,0.0,3.0,1,3,6,2,-2.0,No,,no,0.0,0.0
94,2018-04-06 13:15:00,2018-04-06 13:38:00,1362,6,,0.0,,,1.0,1.0,,,0.0,0.0,3.0,1,3,3,2,-2.0,No,,no,0.0,0.0
95,2018-04-06 13:17:00,2018-04-06 13:38:00,1229,4,5.0,250000.0,2.0,2.0,1.0,1.0,,,0.0,0.0,1.0,3,3,6,4,-2.0,Yes,5.0,yes,250000.0,250000.0
97,2018-04-06 13:16:00,2018-04-06 13:38:00,1305,,,0.0,,,1.0,1.0,6,,0.0,0.0,3.0,1,5,7,1,-2.0,No,,no,0.0,0.0
99,2018-04-06 13:16:00,2018-04-06 13:38:00,1328,6,,0.0,,,1.0,1.0,,,0.0,0.0,3.0,1,3,3,2,-2.0,No,,no,0.0,0.0
100,2018-04-06 13:16:00,2018-04-06 13:38:00,1306,,,0.0,,,1.0,1.0,6,,0.0,0.0,3.0,1,8,6,4,-2.0,No,,no,0.0,0.0
101,2018-04-06 13:18:00,2018-04-06 13:38:00,1170,6,,0.0,,,1.0,1.0,,,0.0,0.0,3.0,1,1,7,3,-2.0,No,,no,0.0,0.0
102,2018-04-06 13:14:00,2018-04-06 13:38:00,1426,,,0.0,,,1.0,1.0,6,,0.0,0.0,3.0,1,6,3,3,-2.0,No,,no,0.0,0.0
103,2018-04-06 13:19:00,2018-04-06 13:38:00,1129,,,0.0,2.0,2.0,1.0,1.0,4,5.0,9500.0,490000.0,1.0,,8,6,4,-2.0,Yes,5.0,yes,499500.0,499500.0
104,2018-04-06 13:17:00,2018-04-06 13:38:00,1295,6,,0.0,,,1.0,1.0,,,0.0,0.0,3.0,1,4,4,4,-2.0,No,,no,0.0,0.0
107,2018-04-06 13:16:00,2018-04-06 13:38:00,1309,6,,0.0,,,1.0,1.0,,,0.0,0.0,3.0,1,4,4,2,-2.0,No,,no,0.0,0.0
108,2018-04-06 13:15:00,2018-04-06 13:38:00,1381,6,,0.0,,,1.0,1.0,,,0.0,0.0,3.0,1,4,6,3,-2.0,No,,no,0.0,0.0
109,2018-04-06 13:18:00,2018-04-06 13:38:00,1239,,,0.0,,,1.0,1.0,6,,0.0,0.0,3.0,1,8,6,4,-2.0,No,,no,0.0,0.0
110,2018-04-06 13:15:00,2018-04-06 13:38:00,1379,,,0.0,,,1.0,1.0,4,6.0,0.0,0.0,2.0,3,8,7,4,-2.0,No,6.0,no,0.0,0.0
111,2018-04-06 13:17:00,2018-04-06 13:38:00,1279,6,,0.0,,,1.0,1.0,,,0.0,0.0,3.0,,4,6,4,-2.0,No,,no,0.0,0.0
113,2018-04-06 13:17:00,2018-04-06 13:38:00,1286,6,,0.0,,,1.0,1.0,,,0.0,0.0,3.0,1,4,5,4,-2.0,No,,no,0.0,0.0
114,2018-04-06 13:16:00,2018-04-06 13:38:00,1363,,,0.0,2.0,2.0,1.0,1.0,4,5.0,10000.0,490000.0,2.0,,7,7,4,-2.0,Yes,5.0,yes,500000.0,500000.0
115,2018-04-06 13:19:00,2018-04-06 13:38:00,1179,6,,0.0,,,1.0,1.0,,,0.0,0.0,3.0,,4,6,4,-2.0,No,,no,0.0,0.0
116,2018-04-06 13:16:00,2018-04-06 13:38:00,1370,,,0.0,2.0,2.0,1.0,1.0,4,5.0,10000.0,490000.0,1.0,3,8,4,4,-2.0,Yes,5.0,yes,500000.0,500000.0
117,2018-04-06 13:18:00,2018-04-06 13:38:00,1206,6,,0.0,,,1.0,1.0,,,0.0,0.0,3.0,1,1,4,4,-2.0,No,,no,0.0,0.0
118,2018-04-06 13:18:00,2018-04-06 13:38:00,1207,4,5.0,25000.0,1.0,1.0,0.5,0.5,,,0.0,0.0,2.0,3,2,6,2,100.0,Yes,5.0,yes,25000.0,12500.0
119,2018-04-06 13:15:00,2018-04-06 13:38:00,1396,6,,0.0,,,1.0,1.0,,,0.0,0.0,3.0,,4,3,3,-2.0,No,,no,0.0,0.0
120,2018-04-06 13:18:00,2018-04-06 13:38:00,1214,6,,0.0,,,1.0,1.0,,,0.0,0.0,3.0,1,3,6,4,-2.0,No,,no,0.0,0.0
121,2018-04-06 13:16:00,2018-04-06 13:38:00,1353,4,6.0,0.0,,,1.0,1.0,,,0.0,0.0,2.0,1,3,4,2,-2.0,No,6.0,no,0.0,0.0
122,2018-04-06 13:16:00,2018-04-06 13:38:00,1340,4,5.0,100000.0,1.0,1.0,0.5,0.5,,,0.0,0.0,3.0,1,2,7,4,100.0,Yes,5.0,yes,100000.0,50000.0
123,2018-04-06 13:16:00,2018-04-06 13:38:00,1371,,,0.0,2.0,2.0,1.0,1.0,4,5.0,10000.0,490000.0,3.0,1,8,5,2,-2.0,Yes,5.0,yes,500000.0,500000.0
124,2018-04-06 13:18:00,2018-04-06 13:39:00,1242,,,0.0,2.0,2.0,1.0,1.0,4,5.0,10000.0,490000.0,1.0,3,6,4,2,-2.0,Yes,5.0,yes,500000.0,500000.0
125,2018-04-06 13:18:00,2018-04-06 13:39:00,1226,4,6.0,0.0,,,1.0,1.0,,,0.0,0.0,2.0,,2,6,3,-2.0,No,6.0,no,0.0,0.0
126,2018-04-06 13:15:00,2018-04-06 13:39:00,1433,6,,0.0,,,1.0,1.0,,,0.0,0.0,3.0,1,3,7,3,-2.0,No,,no,0.0,0.0
127,2018-04-06 13:15:00,2018-04-06 13:39:00,1436,,,0.0,,,1.0,1.0,6,,0.0,0.0,3.0,1,8,4,5,-2.0,No,,no,0.0,0.0
128,2018-04-06 13:15:00,2018-04-06 13:39:00,1393,,,0.0,1.0,1.0,0.7,0.3,4,5.0,10000.0,100000.0,1.0,3,6,3,3,100.0,Yes,5.0,yes,110000.0,77000.0
129,2018-04-06 13:18:00,2018-04-06 13:39:00,1226,4,5.0,300000.0,2.0,2.0,1.0,1.0,,,0.0,0.0,2.0,3,2,4,4,-2.0,Yes,5.0,yes,300000.0,300000.0
130,2018-04-06 13:18:00,2018-04-06 13:39:00,1211,,,0.0,2.0,2.0,1.0,1.0,4,5.0,10000.0,490000.0,1.0,3,5,3,4,-2.0,Yes,5.0,yes,500000.0,500000.0
131,2018-04-06 13:16:00,2018-04-06 13:39:00,1331,,,0.0,1.0,2.0,1.0,1.0,4,5.0,10000.0,250000.0,2.0,,7,6,5,-2.0,Yes,5.0,yes,260000.0,260000.0
132,2018-04-06 13:17:00,2018-04-06 13:39:00,1316,6,,0.0,,,1.0,1.0,,,0.0,0.0,3.0,1,3,6,4,-2.0,No,,no,0.0,0.0
134,2018-04-06 13:18:00,2018-04-06 13:39:00,1265,,,0.0,,,1.0,1.0,6,,0.0,0.0,2.0,,5,6,4,-2.0,No,,no,0.0,0.0
135,2018-04-06 13:16:00,2018-04-06 13:39:00,1354,6,,0.0,,,1.0,1.0,,,0.0,0.0,3.0,1,4,5,2,-2.0,No,,no,0.0,0.0
136,2018-04-06 13:19:00,2018-04-06 13:39:00,1193,,,0.0,,,1.0,1.0,6,,0.0,0.0,3.0,1,7,6,4,-2.0,No,,no,0.0,0.0
137,2018-04-06 13:15:00,2018-04-06 13:39:00,1400,,,0.0,,,1.0,1.0,4,6.0,0.0,0.0,3.0,3,7,5,2,-2.0,No,6.0,no,0.0,0.0
138,2018-04-06 13:18:00,2018-04-06 13:39:00,1256,4,5.0,200000.0,1.0,1.0,0.8,0.2,,,0.0,0.0,2.0,3,1,4,5,100.0,Yes,5.0,yes,200000.0,160000.0
140,2018-04-06 13:15:00,2018-04-06 13:39:00,1413,,,0.0,2.0,2.0,1.0,1.0,4,5.0,80000.0,10000.0,1.0,3,8,4,3,-2.0,Yes,5.0,yes,90000.0,90000.0
141,2018-04-06 13:17:00,2018-04-06 13:39:00,1310,,,0.0,,,1.0,1.0,6,,0.0,0.0,3.0,1,8,3,4,-2.0,No,,no,0.0,0.0
142,2018-04-06 13:18:00,2018-04-06 13:39:00,1253,6,,0.0,,,1.0,1.0,,,0.0,0.0,3.0,,4,7,3,-2.0,No,,no,0.0,0.0
143,2018-04-06 13:22:00,2018-04-06 13:39:00,1016,6,,0.0,,,1.0,1.0,,,0.0,0.0,3.0,1,1,6,4,-2.0,No,,no,0.0,0.0
144,2018-04-06 13:17:00,2018-04-06 13:39:00,1319,,,0.0,1.0,1.0,0.9,0.1,4,5.0,10000.0,490000.0,1.0,3,6,6,3,100.0,Yes,5.0,yes,500000.0,450000.0
145,2018-04-06 13:20:00,2018-04-06 13:39:00,1144,,,0.0,,,1.0,1.0,6,,0.0,0.0,3.0,,5,6,2,-2.0,No,,no,0.0,0.0
146,2018-04-06 13:16:00,2018-04-06 13:39:00,1398,,,0.0,1.0,2.0,1.0,1.0,4,5.0,10000.0,490000.0,1.0,1,8,4,2,-2.0,Yes,5.0,yes,500000.0,500000.0
147,2018-04-06 13:15:00,2018-04-06 13:39:00,1452,4,5.0,200000.0,1.0,1.0,0.5,0.5,,,0.0,0.0,2.0,3,2,3,2,100.0,Yes,5.0,yes,200000.0,100000.0
148,2018-04-06 13:20:00,2018-04-06 13:39:00,1163,,,0.0,,,1.0,1.0,6,,0.0,0.0,3.0,1,5,5,4,-2.0,No,,no,0.0,0.0
149,2018-04-06 13:19:00,2018-04-06 13:39:00,1209,,,0.0,,,1.0,1.0,6,,0.0,0.0,3.0,1,7,5,3,-2.0,No,,no,0.0,0.0
150,2018-04-06 13:19:00,2018-04-06 13:39:00,1191,6,,0.0,,,1.0,1.0,,,0.0,0.0,3.0,1,2,6,2,-2.0,No,,no,0.0,0.0
151,2018-04-06 13:17:00,2018-04-06 13:39:00,1342,,,0.0,,,1.0,1.0,6,,0.0,0.0,3.0,3,5,7,5,-2.0,No,,no,0.0,0.0
152,2018-04-06 13:16:00,2018-04-06 13:39:00,1419,,,0.0,2.0,2.0,1.0,1.0,4,5.0,10000.0,100000.0,1.0,3,6,5,2,-2.0,Yes,5.0,yes,110000.0,110000.0
153,2018-04-06 13:17:00,2018-04-06 13:39:00,1352,4,5.0,10000.0,2.0,2.0,1.0,1.0,,,0.0,0.0,3.0,,1,6,3,-2.0,Yes,5.0,yes,10000.0,10000.0
154,2018-04-06 13:17:00,2018-04-06 13:39:00,1315,6,,0.0,,,1.0,1.0,,,0.0,0.0,3.0,,1,4,3,-2.0,No,,no,0.0,0.0
155,2018-04-06 13:17:00,2018-04-06 13:39:00,1327,4,5.0,50000.0,1.0,1.0,0.5,0.5,,,0.0,0.0,3.0,1,1,5,3,100.0,Yes,5.0,yes,50000.0,25000.0
157,2018-04-06 13:17:00,2018-04-06 13:39:00,1366,4,5.0,500000.0,2.0,2.0,1.0,1.0,,,0.0,0.0,1.0,3,1,4,3,-2.0,Yes,5.0,yes,500000.0,500000.0
158,2018-04-06 13:17:00,2018-04-06 13:39:00,1315,6,,0.0,,,1.0,1.0,,,0.0,0.0,3.0,1,2,3,3,-2.0,No,,no,0.0,0.0
159,2018-04-06 13:18:00,2018-04-06 13:39:00,1255,,,0.0,,,1.0,1.0,4,6.0,0.0,0.0,2.0,3,6,6,4,-2.0,No,6.0,no,0.0,0.0
160,2018-04-06 13:16:00,2018-04-06 13:39:00,1426,4,5.0,50000.0,1.0,1.0,0.25,0.75,,,0.0,0.0,2.0,3,2,3,2,100.0,Yes,5.0,yes,50000.0,12500.0
161,2018-04-06 13:15:00,2018-04-06 13:39:00,1459,4,5.0,250000.0,1.0,1.0,0.75,0.25,,,0.0,0.0,3.0,1,4,4,3,100.0,Yes,5.0,yes,250000.0,187500.0
162,2018-04-06 13:19:00,2018-04-06 13:39:00,1237,,,0.0,2.0,2.0,1.0,1.0,4,5.0,10000.0,49000.0,2.0,1,5,4,2,-2.0,Yes,5.0,yes,59000.0,59000.0
163,2018-04-06 13:15:00,2018-04-06 13:39:00,1442,4,5.0,100000.0,1.0,1.0,0.6,0.4,,,0.0,0.0,2.0,3,3,7,4,100.0,Yes,5.0,yes,100000.0,60000.0
164,2018-04-06 13:17:00,2018-04-06 13:39:00,1371,,,0.0,1.0,1.0,0.5,0.5,4,5.0,10000.0,10000.0,2.0,,7,6,5,100.0,Yes,5.0,yes,20000.0,10000.0
165,2018-04-06 13:19:00,2018-04-06 13:40:00,1244,,,0.0,,,1.0,1.0,4,6.0,0.0,0.0,2.0,3,8,6,4,-2.0,No,6.0,no,0.0,0.0
166,2018-04-06 13:18:00,2018-04-06 13:40:00,1309,,,0.0,1.0,2.0,1.0,1.0,4,5.0,10000.0,490.0,2.0,,5,6,4,-2.0,Yes,5.0,yes,10490.0,10490.0
167,2018-04-06 13:21:00,2018-04-06 13:40:00,1115,,,0.0,2.0,2.0,1.0,1.0,4,5.0,490000.0,10000.0,1.0,1,7,3,2,-2.0,Yes,5.0,yes,500000.0,500000.0
168,2018-04-06 13:18:00,2018-04-06 13:40:00,1270,6,,0.0,,,1.0,1.0,,,0.0,0.0,3.0,1,2,6,5,-2.0,No,,no,0.0,0.0
169,2018-04-06 13:18:00,2018-04-06 13:40:00,1309,6,,0.0,,,1.0,1.0,,,0.0,0.0,3.0,,3,7,3,-2.0,No,,no,0.0,0.0
170,2018-04-06 13:16:00,2018-04-06 13:40:00,1403,,,0.0,,,1.0,1.0,6,,0.0,0.0,3.0,3,6,6,2,-2.0,No,,no,0.0,0.0
171,2018-04-06 13:15:00,2018-04-06 13:40:00,1500,4,5.0,300000.0,2.0,2.0,1.0,1.0,,,0.0,0.0,2.0,,1,3,4,-2.0,Yes,5.0,yes,300000.0,300000.0
172,2018-04-06 13:18:00,2018-04-06 13:40:00,1298,4,5.0,250000.0,1.0,1.0,0.75,0.25,,,0.0,0.0,3.0,1,3,6,3,100.0,Yes,5.0,yes,250000.0,187500.0
173,2018-04-06 13:19:00,2018-04-06 13:40:00,1249,6,,0.0,,,1.0,1.0,,,0.0,0.0,3.0,1,2,6,4,-2.0,No,,no,0.0,0.0
174,2018-04-06 13:19:00,2018-04-06 13:40:00,1215,,,0.0,,,1.0,1.0,6,,0.0,0.0,3.0,3,8,4,4,-2.0,No,,no,0.0,0.0
175,2018-04-06 13:15:00,2018-04-06 13:40:00,1465,,,0.0,1.0,2.0,1.0,1.0,4,5.0,10000.0,250000.0,1.0,1,6,3,3,-2.0,Yes,5.0,yes,260000.0,260000.0
176,2018-04-06 13:14:00,2018-04-06 13:40:00,1522,4,5.0,200000.0,2.0,2.0,1.0,1.0,,,0.0,0.0,3.0,1,4,5,4,-2.0,Yes,5.0,yes,200000.0,200000.0
177,2018-04-06 13:16:00,2018-04-06 13:40:00,1428,6,,0.0,,,1.0,1.0,,,0.0,0.0,3.0,,1,6,4,-2.0,No,,no,0.0,0.0
178,2018-04-06 13:18:00,2018-04-06 13:40:00,1323,,,0.0,,,1.0,1.0,6,,0.0,0.0,3.0,1,8,4,2,-2.0,No,,no,0.0,0.0
179,2018-04-06 13:18:00,2018-04-06 13:40:00,1311,6,,0.0,,,1.0,1.0,,,0.0,0.0,3.0,1,1,7,3,-2.0,No,,no,0.0,0.0
180,2018-04-06 13:17:00,2018-04-06 13:40:00,1367,,,0.0,,,1.0,1.0,6,,0.0,0.0,3.0,1,7,3,2,-2.0,No,,no,0.0,0.0
181,2018-04-06 13:15:00,2018-04-06 13:40:00,1511,,,0.0,1.0,1.0,0.5,0.5,4,5.0,10000.0,200000.0,3.0,1,8,6,4,100.0,Yes,5.0,yes,210000.0,105000.0
182,2018-04-06 13:19:00,2018-04-06 13:40:00,1258,,,0.0,1.0,1.0,0.5,0.5,4,5.0,10000.0,490000.0,2.0,1,6,9,4,100.0,Yes,5.0,yes,500000.0,250000.0
183,2018-04-06 13:14:00,2018-04-06 13:40:00,1547,4,5.0,500000.0,1.0,2.0,1.0,1.0,,,0.0,0.0,1.0,1,2,5,2,-2.0,Yes,5.0,yes,500000.0,500000.0
184,2018-04-06 13:15:00,2018-04-06 13:40:00,1468,4,5.0,300000.0,2.0,2.0,1.0,1.0,,,0.0,0.0,2.0,1,4,4,4,-2.0,Yes,5.0,yes,300000.0,300000.0
186,2018-04-06 13:16:00,2018-04-06 13:40:00,1447,,,0.0,1.0,1.0,0.5,0.5,4,5.0,10000.0,490000.0,3.0,1,7,6,5,100.0,Yes,5.0,yes,500000.0,250000.0
187,2018-04-06 13:19:00,2018-04-06 13:40:00,1266,4,5.0,400000.0,1.0,2.0,1.0,1.0,,,0.0,0.0,1.0,3,2,6,4,-2.0,Yes,5.0,yes,400000.0,400000.0
188,2018-04-06 13:19:00,2018-04-06 13:40:00,1246,,,0.0,,,1.0,1.0,6,,0.0,0.0,3.0,1,5,5,4,-2.0,No,,no,0.0,0.0
189,2018-04-06 13:19:00,2018-04-06 13:40:00,1287,4,5.0,200000.0,1.0,1.0,0.4,0.6,,,0.0,0.0,3.0,1,2,4,3,100.0,Yes,5.0,yes,200000.0,80000.0
190,2018-04-06 13:19:00,2018-04-06 13:40:00,1240,6,,0.0,,,1.0,1.0,,,0.0,0.0,3.0,1,4,5,3,-2.0,No,,no,0.0,0.0
191,2018-04-06 13:16:00,2018-04-06 13:40:00,1450,,,0.0,1.0,1.0,0.2,0.8,4,5.0,10000.0,15000.0,2.0,3,6,6,2,100.0,Yes,5.0,yes,25000.0,5000.0
192,2018-04-06 13:19:00,2018-04-06 13:40:00,1275,,,0.0,2.0,2.0,1.0,1.0,4,5.0,10000.0,10000.0,1.0,1,6,6,4,-2.0,Yes,5.0,yes,20000.0,20000.0
193,2018-04-06 13:17:00,2018-04-06 13:40:00,1367,,,0.0,1.0,1.0,0.5,0.5,4,5.0,10000.0,490000.0,1.0,3,7,6,3,100.0,Yes,5.0,yes,500000.0,250000.0
194,2018-04-06 13:19:00,2018-04-06 13:40:00,1249,4,5.0,100000.0,1.0,1.0,0.5,0.5,,,0.0,0.0,3.0,1,3,4,3,100.0,Yes,5.0,yes,100000.0,50000.0
195,2018-04-06 13:17:00,2018-04-06 13:40:00,1374,,,0.0,,,1.0,1.0,6,,0.0,0.0,3.0,1,6,4,2,-2.0,No,,no,0.0,0.0
196,2018-04-06 13:23:00,2018-04-06 13:40:00,1035,,,0.0,2.0,2.0,1.0,1.0,4,5.0,10000.0,490000.0,1.0,3,6,6,3,-2.0,Yes,5.0,yes,500000.0,500000.0
197,2018-04-06 13:22:00,2018-04-06 13:40:00,1104,6,,0.0,,,1.0,1.0,,,0.0,0.0,3.0,1,1,5,5,-2.0,No,,no,0.0,0.0
198,2018-04-06 13:16:00,2018-04-06 13:40:00,1443,,,0.0,,,1.0,1.0,6,,0.0,0.0,3.0,1,8,6,5,-2.0,No,,no,0.0,0.0
199,2018-04-06 13:19:00,2018-04-06 13:41:00,1270,6,,0.0,,,1.0,1.0,,,0.0,0.0,3.0,3,2,3,2,-2.0,No,,no,0.0,0.0
200,2018-04-06 13:19:00,2018-04-06 13:41:00,1312,6,,0.0,,,1.0,1.0,,,0.0,0.0,3.0,1,3,3,4,-2.0,No,,no,0.0,0.0
201,2018-04-06 13:20:00,2018-04-06 13:41:00,1251,,,0.0,,,1.0,1.0,6,,0.0,0.0,3.0,1,7,6,5,-2.0,No,,no,0.0,0.0
202,2018-04-06 13:18:00,2018-04-06 13:41:00,1345,,,0.0,1.0,2.0,1.0,1.0,4,5.0,10000.0,200000.0,2.0,3,5,5,3,-2.0,Yes,5.0,yes,210000.0,210000.0
203,2018-04-06 13:20:00,2018-04-06 13:41:00,1215,,,0.0,,,1.0,1.0,6,,0.0,0.0,3.0,1,6,4,2,-2.0,No,,no,0.0,0.0
205,2018-04-06 13:21:00,2018-04-06 13:41:00,1176,,,0.0,,,1.0,1.0,6,,0.0,0.0,3.0,1,5,6,5,-2.0,No,,no,0.0,0.0
206,2018-04-06 13:17:00,2018-04-06 13:41:00,1432,6,,0.0,,,1.0,1.0,,,0.0,0.0,3.0,,1,5,4,-2.0,No,,no,0.0,0.0
207,2018-04-06 13:21:00,2018-04-06 13:41:00,1163,,,0.0,,,1.0,1.0,6,,0.0,0.0,3.0,"""1,3""",6,5,4,-2.0,No,,no,0.0,0.0
208,2018-04-06 13:20:00,2018-04-06 13:41:00,1272,6,,0.0,,,1.0,1.0,,,0.0,0.0,3.0,1,4,6,4,-2.0,No,,no,0.0,0.0
209,2018-04-06 13:19:00,2018-04-06 13:41:00,1325,4,5.0,200000.0,1.0,1.0,0.5,0.5,,,0.0,0.0,3.0,1,3,4,4,100.0,Yes,5.0,yes,200000.0,100000.0
210,2018-04-06 13:22:00,2018-04-06 13:41:00,1141,,,0.0,,,1.0,1.0,6,,0.0,0.0,3.0,1,5,4,4,-2.0,No,,no,0.0,0.0
211,2018-04-06 13:18:00,2018-04-06 13:41:00,1357,6,,0.0,,,1.0,1.0,,,0.0,0.0,3.0,1,4,6,4,-2.0,No,,no,0.0,0.0
212,2018-04-06 13:18:00,2018-04-06 13:41:00,1403,4,5.0,150000.0,2.0,2.0,1.0,1.0,,,0.0,0.0,2.0,"""1,3""",4,5,2,-2.0,Yes,5.0,yes,150000.0,150000.0
213,2018-04-06 13:16:00,2018-04-06 13:41:00,1475,6,,0.0,,,1.0,1.0,,,0.0,0.0,3.0,1,3,6,4,-2.0,No,,no,0.0,0.0
214,2018-04-06 13:19:00,2018-04-06 13:41:00,1293,,,0.0,1.0,1.0,0.5,0.5,4,5.0,10000.0,40000.0,1.0,3,6,8,6,100.0,Yes,5.0,yes,50000.0,25000.0
215,2018-04-06 13:17:00,2018-04-06 13:41:00,1441,,,0.0,1.0,2.0,1.0,1.0,4,5.0,10000.0,250000.0,1.0,,5,4,2,-2.0,Yes,5.0,yes,260000.0,260000.0
216,2018-04-06 13:18:00,2018-04-06 13:41:00,1395,4,5.0,200000.0,2.0,2.0,1.0,1.0,,,0.0,0.0,1.0,1,3,4,4,-2.0,Yes,5.0,yes,200000.0,200000.0
217,2018-04-06 13:19:00,2018-04-06 13:41:00,1344,,,0.0,1.0,1.0,0.5,0.5,4,5.0,10000.0,50000.0,2.0,1,8,7,5,100.0,Yes,5.0,yes,60000.0,30000.0
218,2018-04-06 13:16:00,2018-04-06 13:41:00,1494,,,0.0,1.0,2.0,1.0,1.0,4,5.0,10000.0,490000.0,2.0,3,5,4,3,-2.0,Yes,5.0,yes,500000.0,500000.0
219,2018-04-06 13:20:00,2018-04-06 13:41:00,1281,6,,0.0,,,1.0,1.0,,,0.0,0.0,3.0,,1,4,4,-2.0,No,,no,0.0,0.0
220,2018-04-06 13:17:00,2018-04-06 13:41:00,1454,6,,0.0,,,1.0,1.0,,,0.0,0.0,3.0,1,4,4,3,-2.0,No,,no,0.0,0.0
221,2018-04-06 13:17:00,2018-04-06 13:41:00,1453,4,5.0,250000.0,1.0,1.0,0.5,0.5,,,0.0,0.0,2.0,1,3,7,5,100.0,Yes,5.0,yes,250000.0,125000.0
222,2018-04-06 13:16:00,2018-04-06 13:41:00,1527,6,,0.0,,,1.0,1.0,,,0.0,0.0,3.0,1,2,4,1,-2.0,No,,no,0.0,0.0
223,2018-04-06 13:20:00,2018-04-06 13:41:00,1301,4,5.0,20000.0,1.0,1.0,0.15,0.85,,,0.0,0.0,3.0,1,2,4,1,100.0,Yes,5.0,yes,20000.0,3000.0
224,2018-04-06 13:17:00,2018-04-06 13:42:00,1452,,,0.0,2.0,2.0,1.0,1.0,4,5.0,10000.0,490000.0,1.0,1,7,4,2,-2.0,Yes,5.0,yes,500000.0,500000.0
225,2018-04-06 13:15:00,2018-04-06 13:42:00,1583,,,0.0,1.0,1.0,0.5,0.5,4,5.0,10000.0,40000.0,2.0,,6,6,3,100.0,Yes,5.0,yes,50000.0,25000.0
227,2018-04-06 13:19:00,2018-04-06 13:42:00,1383,,,0.0,1.0,2.0,1.0,1.0,4,5.0,10000.0,20000.0,1.0,3,6,5,3,-2.0,Yes,5.0,yes,30000.0,30000.0
228,2018-04-06 13:19:00,2018-04-06 13:42:00,1351,,,0.0,,,1.0,1.0,6,,0.0,0.0,3.0,1,7,7,5,-2.0,No,,no,0.0,0.0
229,2018-04-06 13:15:00,2018-04-06 13:42:00,1605,4,5.0,250000.0,1.0,1.0,0.75,0.25,,,0.0,0.0,2.0,,3,3,2,100.0,Yes,5.0,yes,250000.0,187500.0
230,2018-04-06 13:19:00,2018-04-06 13:42:00,1338,4,5.0,250000.0,1.0,1.0,0.5,0.5,,,0.0,0.0,3.0,,1,4,4,100.0,Yes,5.0,yes,250000.0,125000.0
231,2018-04-06 13:16:00,2018-04-06 13:42:00,1529,4,5.0,300000.0,1.0,1.0,0.75,0.25,,,0.0,0.0,3.0,1,4,6,3,100.0,Yes,5.0,yes,300000.0,225000.0
232,2018-04-06 13:15:00,2018-04-06 13:42:00,1587,,,0.0,,,1.0,1.0,6,,0.0,0.0,3.0,1,8,6,3,-2.0,No,,no,0.0,0.0
233,2018-04-06 13:14:00,2018-04-06 13:42:00,1661,,,0.0,1.0,1.0,0.05,0.95,4,5.0,10000.0,490000.0,3.0,1,7,7,4,100.0,Yes,5.0,yes,500000.0,25000.0
234,2018-04-06 13:15:00,2018-04-06 13:42:00,1591,,,0.0,1.0,1.0,0.1,0.9,4,5.0,10000.0,490000.0,3.0,3,6,3,4,100.0,Yes,5.0,yes,500000.0,50000.0
235,2018-04-06 13:15:00,2018-04-06 13:42:00,1592,4,5.0,500000.0,2.0,2.0,1.0,1.0,,,0.0,0.0,1.0,3,2,3,3,-2.0,Yes,5.0,yes,500000.0,500000.0
236,2018-04-06 13:21:00,2018-04-06 13:42:00,1250,4,5.0,300000.0,2.0,2.0,1.0,1.0,,,0.0,0.0,2.0,3,2,3,2,-2.0,Yes,5.0,yes,300000.0,300000.0
238,2018-04-06 13:21:00,2018-04-06 13:42:00,1264,,,0.0,,,1.0,1.0,6,,0.0,0.0,3.0,,8,5,1,-2.0,No,,no,0.0,0.0
239,2018-04-06 13:15:00,2018-04-06 13:42:00,1588,,,0.0,,,1.0,1.0,6,,0.0,0.0,3.0,1,6,4,2,-2.0,No,,no,0.0,0.0
240,2018-04-06 13:22:00,2018-04-06 13:42:00,1214,6,,0.0,,,1.0,1.0,,,0.0,0.0,3.0,1,2,5,2,-2.0,No,,no,0.0,0.0
241,2018-04-06 13:22:00,2018-04-06 13:42:00,1184,6,,0.0,,,1.0,1.0,,,0.0,0.0,3.0,1,1,7,2,-2.0,No,,no,0.0,0.0
242,2018-04-06 13:18:00,2018-04-06 13:42:00,1457,,,0.0,,,1.0,1.0,4,6.0,0.0,0.0,3.0,1,8,7,4,-2.0,No,6.0,no,0.0,0.0
243,2018-04-06 13:20:00,2018-04-06 13:42:00,1298,6,,0.0,,,1.0,1.0,,,0.0,0.0,3.0,1,3,6,4,-2.0,No,,no,0.0,0.0
244,2018-04-06 13:21:00,2018-04-06 13:42:00,1254,6,,0.0,,,1.0,1.0,,,0.0,0.0,3.0,1,2,4,3,-2.0,No,,no,0.0,0.0
245,2018-04-06 13:21:00,2018-04-06 13:42:00,1285,4,5.0,250000.0,2.0,2.0,1.0,1.0,,,0.0,0.0,2.0,3,2,5,4,-2.0,Yes,5.0,yes,250000.0,250000.0
246,2018-04-06 13:19:00,2018-04-06 13:42:00,1404,,,0.0,2.0,2.0,1.0,1.0,4,5.0,490000.0,0.0,1.0,3,8,5,3,-2.0,Yes,5.0,yes,490000.0,490000.0
247,2018-04-06 13:20:00,2018-04-06 13:42:00,1295,6,,0.0,,,1.0,1.0,,,0.0,0.0,3.0,1,2,7,3,-2.0,No,,no,0.0,0.0
249,2018-04-06 13:22:00,2018-04-06 13:42:00,1213,4,6.0,0.0,,,1.0,1.0,,,0.0,0.0,2.0,,1,3,1,-2.0,No,6.0,no,0.0,0.0
250,2018-04-06 13:16:00,2018-04-06 13:42:00,1566,,,0.0,,,1.0,1.0,6,,0.0,0.0,3.0,1,7,3,1,-2.0,No,,no,0.0,0.0
251,2018-04-06 13:21:00,2018-04-06 13:42:00,1253,,,0.0,,,1.0,1.0,6,,0.0,0.0,3.0,1,8,4,3,-2.0,No,,no,0.0,0.0
252,2018-04-06 13:17:00,2018-04-06 13:42:00,1529,,,0.0,2.0,2.0,1.0,1.0,4,5.0,10000.0,490000.0,1.0,3,5,5,4,-2.0,Yes,5.0,yes,500000.0,500000.0
253,2018-04-06 13:16:00,2018-04-06 13:42:00,1580,6,,0.0,,,1.0,1.0,,,0.0,0.0,3.0,1,1,8,5,-2.0,No,,no,0.0,0.0
254,2018-04-06 13:17:00,2018-04-06 13:42:00,1526,,,0.0,,,1.0,1.0,4,6.0,0.0,0.0,3.0,1,8,4,3,-2.0,No,6.0,no,0.0,0.0
255,2018-04-06 13:17:00,2018-04-06 13:42:00,1542,4,5.0,250000.0,2.0,2.0,1.0,1.0,,,0.0,0.0,3.0,1,4,6,4,-2.0,Yes,5.0,yes,250000.0,250000.0
256,2018-04-06 13:21:00,2018-04-06 13:42:00,1256,,,0.0,,,1.0,1.0,6,,0.0,0.0,3.0,1,8,6,4,-2.0,No,,no,0.0,0.0
257,2018-04-06 13:19:00,2018-04-06 13:42:00,1406,,,0.0,,,1.0,1.0,6,,0.0,0.0,3.0,1,5,4,3,-2.0,No,,no,0.0,0.0
258,2018-04-06 13:16:00,2018-04-06 13:42:00,1599,,,0.0,1.0,1.0,0.2,0.8,4,5.0,10000.0,50000.0,3.0,1,8,9,5,100.0,Yes,5.0,yes,60000.0,12000.0
259,2018-04-06 13:22:00,2018-04-06 13:42:00,1237,6,,0.0,,,1.0,1.0,,,0.0,0.0,3.0,1,4,4,4,-2.0,No,,no,0.0,0.0
260,2018-04-06 13:19:00,2018-04-06 13:42:00,1434,6,,0.0,,,1.0,1.0,,,0.0,0.0,3.0,3,2,7,4,-2.0,No,,no,0.0,0.0
261,2018-04-06 13:21:00,2018-04-06 13:42:00,1267,,,0.0,,,1.0,1.0,4,6.0,0.0,0.0,2.0,3,6,7,5,-2.0,No,6.0,no,0.0,0.0
262,2018-04-06 13:16:00,2018-04-06 13:43:00,1600,,,0.0,2.0,2.0,1.0,1.0,4,5.0,10000.0,100000.0,1.0,3,6,7,5,-2.0,Yes,5.0,yes,110000.0,110000.0
263,2018-04-06 13:22:00,2018-04-06 13:43:00,1228,6,,0.0,,,1.0,1.0,,,0.0,0.0,3.0,1,2,7,5,-2.0,No,,no,0.0,0.0
265,2018-04-06 13:17:00,2018-04-06 13:43:00,1537,4,5.0,300000.0,2.0,2.0,1.0,1.0,,,0.0,0.0,1.0,,4,6,2,-2.0,Yes,5.0,yes,300000.0,300000.0
266,2018-04-06 13:18:00,2018-04-06 13:43:00,1501,,,0.0,,,1.0,1.0,6,,0.0,0.0,3.0,1,7,4,2,-2.0,No,,no,0.0,0.0
267,2018-04-06 13:23:00,2018-04-06 13:43:00,1206,,,0.0,,,1.0,1.0,6,,0.0,0.0,2.0,1,7,7,4,-2.0,No,,no,0.0,0.0
268,2018-04-06 13:16:00,2018-04-06 13:43:00,1608,,,0.0,1.0,1.0,0.6,0.4,4,5.0,10000.0,490000.0,3.0,1,7,6,4,100.0,Yes,5.0,yes,500000.0,300000.0
269,2018-04-06 13:22:00,2018-04-06 13:43:00,1219,6,,0.0,,,1.0,1.0,,,0.0,0.0,3.0,1,4,7,5,-2.0,No,,no,0.0,0.0
270,2018-04-06 13:18:00,2018-04-06 13:43:00,1508,4,5.0,500000.0,2.0,2.0,1.0,1.0,,,0.0,0.0,2.0,3,4,9,5,-2.0,Yes,5.0,yes,500000.0,500000.0
271,2018-04-06 13:22:00,2018-04-06 13:43:00,1275,6,,0.0,,,1.0,1.0,,,0.0,0.0,3.0,1,4,4,2,-2.0,No,,no,0.0,0.0
272,2018-04-06 13:23:00,2018-04-06 13:43:00,1222,,,0.0,2.0,2.0,1.0,1.0,4,5.0,1000.0,500.0,2.0,,6,7,5,-2.0,Yes,5.0,yes,1500.0,1500.0
273,2018-04-06 13:19:00,2018-04-06 13:43:00,1424,,,0.0,2.0,2.0,1.0,1.0,4,5.0,400000.0,10000.0,3.0,1,7,4,4,-2.0,Yes,5.0,yes,410000.0,410000.0
274,2018-04-06 13:21:00,2018-04-06 13:43:00,1324,4,5.0,200000.0,1.0,2.0,1.0,1.0,,,0.0,0.0,2.0,1,4,6,6,-2.0,Yes,5.0,yes,200000.0,200000.0
275,2018-04-06 13:21:00,2018-04-06 13:43:00,1339,6,,0.0,,,1.0,1.0,,,0.0,0.0,3.0,1,3,6,4,-2.0,No,,no,0.0,0.0
276,2018-04-06 13:22:00,2018-04-06 13:43:00,1250,6,,0.0,,,1.0,1.0,,,0.0,0.0,3.0,,4,6,3,-2.0,No,,no,0.0,0.0
277,2018-04-06 13:20:00,2018-04-06 13:43:00,1402,4,5.0,200000.0,2.0,2.0,1.0,1.0,,,0.0,0.0,1.0,3,3,6,3,-2.0,Yes,5.0,yes,200000.0,200000.0
278,2018-04-06 13:21:00,2018-04-06 13:43:00,1302,6,,0.0,,,1.0,1.0,,,0.0,0.0,3.0,1,4,6,4,-2.0,No,,no,0.0,0.0
279,2018-04-06 13:15:00,2018-04-06 13:43:00,1657,,,0.0,2.0,2.0,1.0,1.0,4,5.0,10000.0,490000.0,2.0,1,8,6,2,-2.0,Yes,5.0,yes,500000.0,500000.0
280,2018-04-06 13:19:00,2018-04-06 13:43:00,1446,,,0.0,,,1.0,1.0,6,,0.0,0.0,3.0,1,7,4,4,-2.0,No,,no,0.0,0.0
281,2018-04-06 13:19:00,2018-04-06 13:43:00,1461,4,5.0,20000.0,2.0,2.0,1.0,1.0,,,0.0,0.0,1.0,,3,6,3,-2.0,Yes,5.0,yes,20000.0,20000.0
282,2018-04-06 13:17:00,2018-04-06 13:43:00,1547,,,0.0,,,1.0,1.0,4,6.0,0.0,0.0,2.0,3,8,5,4,-2.0,No,6.0,no,0.0,0.0
283,2018-04-06 13:24:00,2018-04-06 13:43:00,1174,,,0.0,1.0,1.0,0.5,0.5,4,5.0,10000.0,490000.0,2.0,3,8,3,2,100.0,Yes,5.0,yes,500000.0,250000.0
284,2018-04-06 13:23:00,2018-04-06 13:43:00,1234,,,0.0,,,1.0,1.0,6,,0.0,0.0,3.0,1,8,7,3,-2.0,No,,no,0.0,0.0
285,2018-04-06 13:17:00,2018-04-06 13:43:00,1571,6,,0.0,,,1.0,1.0,,,0.0,0.0,3.0,1,3,4,2,-2.0,No,,no,0.0,0.0
286,2018-04-06 13:22:00,2018-04-06 13:43:00,1277,,,0.0,,,1.0,1.0,6,,0.0,0.0,2.0,,7,4,2,-2.0,No,,no,0.0,0.0
287,2018-04-06 13:22:00,2018-04-06 13:43:00,1301,6,,0.0,,,1.0,1.0,,,0.0,0.0,3.0,3,2,3,2,-2.0,No,,no,0.0,0.0
288,2018-04-06 13:17:00,2018-04-06 13:43:00,1554,,,0.0,,,1.0,1.0,6,,0.0,0.0,3.0,1,6,5,3,-2.0,No,,no,0.0,0.0
289,2018-04-06 13:23:00,2018-04-06 13:43:00,1231,,,0.0,1.0,1.0,0.5,0.5,4,5.0,10000.0,200000.0,2.0,,6,6,4,100.0,Yes,5.0,yes,210000.0,105000.0
290,2018-04-06 13:22:00,2018-04-06 13:43:00,1311,,,0.0,,,1.0,1.0,6,,0.0,0.0,3.0,1,6,6,5,-2.0,No,,no,0.0,0.0
291,2018-04-06 13:16:00,2018-04-06 13:43:00,1631,6,,0.0,,,1.0,1.0,,,0.0,0.0,3.0,,1,7,2,-2.0,No,,no,0.0,0.0
292,2018-04-06 13:18:00,2018-04-06 13:43:00,1527,,,0.0,2.0,2.0,1.0,1.0,4,5.0,10000.0,490000.0,1.0,3,5,5,3,-2.0,Yes,5.0,yes,500000.0,500000.0
293,2018-04-06 13:17:00,2018-04-06 13:43:00,1585,,,0.0,2.0,2.0,1.0,1.0,4,5.0,10000.0,490000.0,2.0,1,7,6,4,-2.0,Yes,5.0,yes,500000.0,500000.0
294,2018-04-06 13:22:00,2018-04-06 13:43:00,1279,,,0.0,,,1.0,1.0,6,,0.0,0.0,3.0,1,7,6,4,-2.0,No,,no,0.0,0.0
295,2018-04-06 13:20:00,2018-04-06 13:44:00,1441,6,,0.0,,,1.0,1.0,,,0.0,0.0,3.0,1,2,6,4,-2.0,No,,no,0.0,0.0
296,2018-04-06 13:22:00,2018-04-06 13:44:00,1294,4,5.0,350000.0,1.0,2.0,1.0,1.0,,,0.0,0.0,2.0,3,2,4,2,-2.0,Yes,5.0,yes,350000.0,350000.0
297,2018-04-06 13:22:00,2018-04-06 13:44:00,1297,,,0.0,,,1.0,1.0,4,6.0,0.0,0.0,3.0,1,6,3,3,-2.0,No,6.0,no,0.0,0.0
298,2018-04-06 13:18:00,2018-04-06 13:44:00,1557,,,0.0,2.0,1.0,1.0,1.0,4,5.0,200000.0,10000.0,2.0,,8,5,3,-2.0,Yes,5.0,yes,210000.0,210000.0
299,2018-04-06 13:22:00,2018-04-06 13:44:00,1326,,,0.0,,,1.0,1.0,6,,0.0,0.0,3.0,,5,6,4,-2.0,No,,no,0.0,0.0
301,2018-04-06 13:19:00,2018-04-06 13:44:00,1485,,,0.0,,,1.0,1.0,6,,0.0,0.0,3.0,1,8,6,3,-2.0,No,,no,0.0,0.0
302,2018-04-06 13:20:00,2018-04-06 13:44:00,1426,,,0.0,2.0,2.0,1.0,1.0,4,5.0,10000.0,490000.0,2.0,1,5,8,4,-2.0,Yes,5.0,yes,500000.0,500000.0
303,2018-04-06 13:22:00,2018-04-06 13:44:00,1315,,,0.0,,,1.0,1.0,6,,0.0,0.0,2.0,3,5,5,3,-2.0,No,,no,0.0,0.0
304,2018-04-06 13:25:00,2018-04-06 13:44:00,1116,6,,0.0,,,1.0,1.0,,,0.0,0.0,3.0,1,2,6,4,-2.0,No,,no,0.0,0.0
305,2018-04-06 13:23:00,2018-04-06 13:44:00,1250,6,,0.0,,,1.0,1.0,,,0.0,0.0,2.0,1,4,6,2,-2.0,No,,no,0.0,0.0
306,2018-04-06 13:19:00,2018-04-06 13:44:00,1480,,,0.0,,,1.0,1.0,4,6.0,0.0,0.0,2.0,,7,6,4,-2.0,No,6.0,no,0.0,0.0
307,2018-04-06 13:24:00,2018-04-06 13:44:00,1172,6,,0.0,,,1.0,1.0,,,0.0,0.0,3.0,,3,6,3,-2.0,No,,no,0.0,0.0
308,2018-04-06 13:22:00,2018-04-06 13:44:00,1323,,,0.0,,,1.0,1.0,6,,0.0,0.0,3.0,1,5,5,3,-2.0,No,,no,0.0,0.0
309,2018-04-06 13:23:00,2018-04-06 13:44:00,1255,6,,0.0,,,1.0,1.0,,,0.0,0.0,3.0,3,2,4,3,-2.0,No,,no,0.0,0.0
310,2018-04-06 13:23:00,2018-04-06 13:44:00,1266,6,,0.0,,,1.0,1.0,,,0.0,0.0,3.0,1,2,4,4,-2.0,No,,no,0.0,0.0
311,2018-04-06 13:20:00,2018-04-06 13:44:00,1426,6,,0.0,,,1.0,1.0,,,0.0,0.0,3.0,1,4,6,4,-2.0,No,,no,0.0,0.0
312,2018-04-06 13:17:00,2018-04-06 13:44:00,1632,4,5.0,500000.0,2.0,2.0,1.0,1.0,,,0.0,0.0,2.0,,2,3,4,-2.0,Yes,5.0,yes,500000.0,500000.0
313,2018-04-06 13:19:00,2018-04-06 13:44:00,1486,,,0.0,2.0,2.0,1.0,1.0,4,5.0,10000.0,490000.0,2.0,,5,4,1,-2.0,Yes,5.0,yes,500000.0,500000.0
314,2018-04-06 13:21:00,2018-04-06 13:44:00,1375,4,5.0,250000.0,2.0,2.0,1.0,1.0,,,0.0,0.0,1.0,1,3,6,3,-2.0,Yes,5.0,yes,250000.0,250000.0
315,2018-04-06 13:23:00,2018-04-06 13:44:00,1283,,,0.0,,,1.0,1.0,6,,0.0,0.0,3.0,1,5,6,4,-2.0,No,,no,0.0,0.0
316,2018-04-06 13:24:00,2018-04-06 13:44:00,1208,,,0.0,,,1.0,1.0,6,,0.0,0.0,3.0,1,5,4,4,-2.0,No,,no,0.0,0.0
317,2018-04-06 13:22:00,2018-04-06 13:44:00,1332,,,0.0,,,1.0,1.0,6,,0.0,0.0,3.0,1,7,4,4,-2.0,No,,no,0.0,0.0
318,2018-04-06 13:19:00,2018-04-06 13:44:00,1509,6,,0.0,,,1.0,1.0,,,0.0,0.0,3.0,1,1,6,4,-2.0,No,,no,0.0,0.0
319,2018-04-06 13:19:00,2018-04-06 13:44:00,1528,,,0.0,2.0,2.0,1.0,1.0,4,5.0,10000.0,490000.0,1.0,3,6,6,4,-2.0,Yes,5.0,yes,500000.0,500000.0
320,2018-04-06 13:23:00,2018-04-06 13:44:00,1263,,,0.0,,,1.0,1.0,6,,0.0,0.0,3.0,1,5,3,4,-2.0,No,,no,0.0,0.0
321,2018-04-06 13:20:00,2018-04-06 13:44:00,1452,,,0.0,,,1.0,1.0,6,,0.0,0.0,3.0,1,6,6,4,-2.0,No,,no,0.0,0.0
322,2018-04-06 13:22:00,2018-04-06 13:44:00,1374,,,0.0,,,1.0,1.0,6,,0.0,0.0,3.0,1,6,4,3,-2.0,No,,no,0.0,0.0
323,2018-04-06 13:25:00,2018-04-06 13:44:00,1194,6,,0.0,,,1.0,1.0,,,0.0,0.0,3.0,,2,3,1,-2.0,No,,no,0.0,0.0
324,2018-04-06 13:17:00,2018-04-06 13:45:00,1651,,,0.0,,,1.0,1.0,6,,0.0,0.0,3.0,1,7,6,2,-2.0,No,,no,0.0,0.0
325,2018-04-06 13:23:00,2018-04-06 13:45:00,1321,4,5.0,500000.0,1.0,1.0,0.4,0.6,,,0.0,0.0,2.0,,1,4,4,100.0,Yes,5.0,yes,500000.0,200000.0
326,2018-04-06 13:23:00,2018-04-06 13:45:00,1299,,,0.0,2.0,2.0,1.0,1.0,4,5.0,10000.0,50000.0,2.0,1,8,7,3,-2.0,Yes,5.0,yes,60000.0,60000.0
327,2018-04-06 13:21:00,2018-04-06 13:45:00,1397,,,0.0,2.0,2.0,1.0,1.0,4,5.0,490000.0,10000.0,2.0,,7,3,4,-2.0,Yes,5.0,yes,500000.0,500000.0
328,2018-04-06 13:22:00,2018-04-06 13:45:00,1347,,,0.0,,,1.0,1.0,6,,0.0,0.0,3.0,1,5,5,4,-2.0,No,,no,0.0,0.0
329,2018-04-06 13:20:00,2018-04-06 13:45:00,1463,,,0.0,2.0,2.0,1.0,1.0,4,5.0,10000.0,150000.0,2.0,3,6,6,2,-2.0,Yes,5.0,yes,160000.0,160000.0
330,2018-04-06 13:23:00,2018-04-06 13:45:00,1319,,,0.0,,,1.0,1.0,6,,0.0,0.0,3.0,1,5,6,6,-2.0,No,,no,0.0,0.0
331,2018-04-06 13:20:00,2018-04-06 13:45:00,1466,4,5.0,100000.0,1.0,1.0,0.4,0.6,,,0.0,0.0,1.0,3,2,4,2,100.0,Yes,5.0,yes,100000.0,40000.0
332,2018-04-06 13:15:00,2018-04-06 13:45:00,1803,4,6.0,0.0,,,1.0,1.0,,,0.0,0.0,3.0,,1,8,5,-2.0,No,6.0,no,0.0,0.0
333,2018-04-06 13:25:00,2018-04-06 13:45:00,1214,,,0.0,,,1.0,1.0,6,,0.0,0.0,3.0,1,6,6,4,-2.0,No,,no,0.0,0.0
334,2018-04-06 13:16:00,2018-04-06 13:45:00,1718,,,0.0,,,1.0,1.0,6,,0.0,0.0,3.0,1,8,4,3,-2.0,No,,no,0.0,0.0
335,2018-04-06 13:18:00,2018-04-06 13:45:00,1637,6,,0.0,,,1.0,1.0,,,0.0,0.0,3.0,1,3,4,2,-2.0,No,,no,0.0,0.0
336,2018-04-06 13:24:00,2018-04-06 13:45:00,1224,6,,0.0,,,1.0,1.0,,,0.0,0.0,3.0,1,3,5,4,-2.0,No,,no,0.0,0.0
337,2018-04-06 13:24:00,2018-04-06 13:45:00,1261,6,,0.0,,,1.0,1.0,,,0.0,0.0,3.0,,2,4,4,-2.0,No,,no,0.0,0.0
338,2018-04-06 13:18:00,2018-04-06 13:45:00,1607,6,,0.0,,,1.0,1.0,,,0.0,0.0,3.0,1,4,3,3,-2.0,No,,no,0.0,0.0
339,2018-04-06 13:23:00,2018-04-06 13:45:00,1294,6,,0.0,,,1.0,1.0,,,0.0,0.0,3.0,1,4,6,2,-2.0,No,,no,0.0,0.0
341,2018-04-06 13:23:00,2018-04-06 13:45:00,1314,,,0.0,,,1.0,1.0,6,,0.0,0.0,3.0,3,5,6,4,-2.0,No,,no,0.0,0.0
342,2018-04-06 13:22:00,2018-04-06 13:45:00,1372,,,0.0,,,1.0,1.0,6,,0.0,0.0,2.0,1,7,4,4,-2.0,No,,no,0.0,0.0
345,2018-04-06 13:21:00,2018-04-06 13:45:00,1437,,,0.0,1.0,1.0,0.8,0.2,4,5.0,10000.0,50000.0,3.0,1,7,3,4,100.0,Yes,5.0,yes,60000.0,48000.0
346,2018-04-06 13:24:00,2018-04-06 13:45:00,1271,,,0.0,2.0,2.0,1.0,1.0,4,5.0,5000.0,200000.0,1.0,"""1,3""",6,4,4,-2.0,Yes,5.0,yes,205000.0,205000.0
347,2018-04-06 13:22:00,2018-04-06 13:45:00,1364,,,0.0,,,1.0,1.0,6,,0.0,0.0,3.0,3,5,7,3,-2.0,No,,no,0.0,0.0
348,2018-04-06 13:24:00,2018-04-06 13:45:00,1279,,,0.0,1.0,1.0,0.75,0.25,4,5.0,10000.0,20000.0,3.0,1,5,6,4,100.0,Yes,5.0,yes,30000.0,22500.0
349,2018-04-06 13:23:00,2018-04-06 13:45:00,1322,4,5.0,100000.0,1.0,1.0,0.4,0.6,,,0.0,0.0,3.0,1,3,5,3,100.0,Yes,5.0,yes,100000.0,40000.0
350,2018-04-06 13:24:00,2018-04-06 13:45:00,1278,,,0.0,,,1.0,1.0,6,,0.0,0.0,3.0,1,7,6,4,-2.0,No,,no,0.0,0.0
351,2018-04-06 13:18:00,2018-04-06 13:45:00,1639,4,5.0,500000.0,2.0,2.0,1.0,1.0,,,0.0,0.0,3.0,1,4,6,4,-2.0,Yes,5.0,yes,500000.0,500000.0
352,2018-04-06 13:15:00,2018-04-06 13:45:00,1836,,,0.0,,,1.0,1.0,6,,0.0,0.0,3.0,1,8,5,4,-2.0,No,,no,0.0,0.0
353,2018-04-06 13:24:00,2018-04-06 13:45:00,1284,4,5.0,500000.0,2.0,2.0,1.0,1.0,,,0.0,0.0,1.0,3,3,5,3,-2.0,Yes,5.0,yes,500000.0,500000.0
354,2018-04-06 13:22:00,2018-04-06 13:46:00,1410,6,,0.0,,,1.0,1.0,,,0.0,0.0,3.0,1,3,4,3,-2.0,No,,no,0.0,0.0
355,2018-04-06 13:23:00,2018-04-06 13:46:00,1356,4,5.0,250000.0,1.0,1.0,0.6,0.4,,,0.0,0.0,2.0,1,4,4,4,100.0,Yes,5.0,yes,250000.0,150000.0
356,2018-04-06 13:23:00,2018-04-06 13:46:00,1335,,,0.0,,,1.0,1.0,6,,0.0,0.0,3.0,1,8,6,4,-2.0,No,,no,0.0,0.0
357,2018-04-06 13:21:00,2018-04-06 13:46:00,1458,4,5.0,500000.0,2.0,2.0,1.0,1.0,,,0.0,0.0,2.0,,3,6,3,-2.0,Yes,5.0,yes,500000.0,500000.0
358,2018-04-06 13:21:00,2018-04-06 13:46:00,1472,6,,0.0,,,1.0,1.0,,,0.0,0.0,3.0,1,1,7,5,-2.0,No,,no,0.0,0.0
359,2018-04-06 13:16:00,2018-04-06 13:46:00,1781,6,,0.0,,,1.0,1.0,,,0.0,0.0,3.0,1,1,5,3,-2.0,No,,no,0.0,0.0
360,2018-04-06 13:23:00,2018-04-06 13:46:00,1363,6,,0.0,,,1.0,1.0,,,0.0,0.0,3.0,1,1,4,4,-2.0,No,,no,0.0,0.0
361,2018-04-06 13:19:00,2018-04-06 13:46:00,1582,,,0.0,2.0,2.0,1.0,1.0,4,5.0,10000.0,490000.0,2.0,3,7,4,5,-2.0,Yes,5.0,yes,500000.0,500000.0
362,2018-04-06 13:18:00,2018-04-06 13:46:00,1665,6,,0.0,,,1.0,1.0,,,0.0,0.0,2.0,3,1,5,3,-2.0,No,,no,0.0,0.0
363,2018-04-06 13:18:00,2018-04-06 13:46:00,1650,,,0.0,,,1.0,1.0,6,,0.0,0.0,3.0,1,7,6,4,-2.0,No,,no,0.0,0.0
364,2018-04-06 13:27:00,2018-04-06 13:46:00,1114,6,,0.0,,,1.0,1.0,,,0.0,0.0,3.0,1,2,7,5,-2.0,No,,no,0.0,0.0
365,2018-04-06 13:25:00,2018-04-06 13:46:00,1234,6,,0.0,,,1.0,1.0,,,0.0,0.0,3.0,,4,7,5,-2.0,No,,no,0.0,0.0
366,2018-04-06 13:24:00,2018-04-06 13:46:00,1339,,,0.0,1.0,2.0,1.0,1.0,4,5.0,10000.0,75000.0,2.0,1,7,6,3,-2.0,Yes,5.0,yes,85000.0,85000.0
367,2018-04-06 13:23:00,2018-04-06 13:46:00,1384,6,,0.0,,,1.0,1.0,,,0.0,0.0,3.0,1,2,6,5,-2.0,No,,no,0.0,0.0
368,2018-04-06 13:15:00,2018-04-06 13:46:00,1869,,,0.0,1.0,1.0,0.7,0.3,4,5.0,50000.0,10000.0,2.0,,7,3,3,100.0,Yes,5.0,yes,60000.0,42000.0
369,2018-04-06 13:25:00,2018-04-06 13:46:00,1253,,,0.0,,,1.0,1.0,6,,0.0,0.0,3.0,1,7,4,3,-2.0,No,,no,0.0,0.0
370,2018-04-06 13:23:00,2018-04-06 13:46:00,1373,,,0.0,2.0,2.0,1.0,1.0,4,5.0,10000.0,490000.0,2.0,1,8,6,4,-2.0,Yes,5.0,yes,500000.0,500000.0
371,2018-04-06 13:25:00,2018-04-06 13:46:00,1285,,,0.0,,,1.0,1.0,6,,0.0,0.0,3.0,1,7,3,4,-2.0,No,,no,0.0,0.0
372,2018-04-06 13:16:00,2018-04-06 13:46:00,1853,4,5.0,500000.0,2.0,2.0,1.0,1.0,,,0.0,0.0,2.0,3,2,3,4,-2.0,Yes,5.0,yes,500000.0,500000.0
373,2018-04-06 13:21:00,2018-04-06 13:47:00,1535,6,,0.0,,,1.0,1.0,,,0.0,0.0,3.0,,1,5,4,-2.0,No,,no,0.0,0.0
374,2018-04-06 13:23:00,2018-04-06 13:47:00,1438,4,5.0,200000.0,1.0,1.0,0.5,0.5,,,0.0,0.0,1.0,3,3,6,4,100.0,Yes,5.0,yes,200000.0,100000.0
375,2018-04-06 13:27:00,2018-04-06 13:47:00,1191,,,0.0,,,1.0,1.0,6,,0.0,0.0,3.0,1,6,6,3,-2.0,No,,no,0.0,0.0
376,2018-04-06 13:18:00,2018-04-06 13:47:00,1715,4,5.0,100000.0,2.0,2.0,1.0,1.0,,,0.0,0.0,2.0,3,3,3,2,-2.0,Yes,5.0,yes,100000.0,100000.0
377,2018-04-06 13:24:00,2018-04-06 13:47:00,1330,,,0.0,,,1.0,1.0,6,,0.0,0.0,3.0,1,5,6,3,-2.0,No,,no,0.0,0.0
378,2018-04-06 13:23:00,2018-04-06 13:47:00,1408,,,0.0,,,1.0,1.0,6,,0.0,0.0,3.0,3,5,6,4,-2.0,No,,no,0.0,0.0
379,2018-04-06 13:23:00,2018-04-06 13:47:00,1430,,,0.0,1.0,1.0,0.65,0.35,4,5.0,10000.0,300000.0,2.0,3,6,4,2,100.0,Yes,5.0,yes,310000.0,201500.0
380,2018-04-06 13:25:00,2018-04-06 13:47:00,1315,6,,0.0,,,1.0,1.0,,,0.0,0.0,3.0,1,3,4,2,-2.0,No,,no,0.0,0.0
381,2018-04-06 13:20:00,2018-04-06 13:47:00,1593,,,0.0,,,1.0,1.0,6,,0.0,0.0,3.0,1,8,4,5,-2.0,No,,no,0.0,0.0
382,2018-04-06 13:25:00,2018-04-06 13:47:00,1320,,,0.0,,,1.0,1.0,6,,0.0,0.0,3.0,1,6,6,2,-2.0,No,,no,0.0,0.0
383,2018-04-06 13:20:00,2018-04-06 13:47:00,1623,4,5.0,175000.0,1.0,1.0,0.35,0.65,,,0.0,0.0,2.0,,4,3,2,100.0,Yes,5.0,yes,175000.0,61249.99999999999
384,2018-04-06 13:20:00,2018-04-06 13:47:00,1618,,,0.0,,,1.0,1.0,6,,0.0,0.0,3.0,1,6,6,4,-2.0,No,,no,0.0,0.0
385,2018-04-06 13:21:00,2018-04-06 13:47:00,1548,,,0.0,,,1.0,1.0,6,,0.0,0.0,3.0,,5,4,1,-2.0,No,,no,0.0,0.0
386,2018-04-06 13:25:00,2018-04-06 13:47:00,1332,,,0.0,,,1.0,1.0,6,,0.0,0.0,3.0,1,5,6,2,-2.0,No,,no,0.0,0.0
387,2018-04-06 13:24:00,2018-04-06 13:47:00,1380,4,5.0,150000.0,1.0,2.0,1.0,1.0,,,0.0,0.0,2.0,1,4,4,5,-2.0,Yes,5.0,yes,150000.0,150000.0
388,2018-04-06 13:19:00,2018-04-06 13:47:00,1705,4,5.0,300000.0,2.0,2.0,1.0,1.0,,,0.0,0.0,2.0,3,2,4,4,-2.0,Yes,5.0,yes,300000.0,300000.0
389,2018-04-06 13:24:00,2018-04-06 13:47:00,1412,4,5.0,500000.0,2.0,2.0,1.0,1.0,,,0.0,0.0,3.0,1,1,6,6,-2.0,Yes,5.0,yes,500000.0,500000.0
390,2018-04-06 13:28:00,2018-04-06 13:47:00,1184,,,0.0,,,1.0,1.0,4,6.0,0.0,0.0,2.0,,5,7,4,-2.0,No,6.0,no,0.0,0.0
391,2018-04-06 13:27:00,2018-04-06 13:47:00,1207,,,0.0,,,1.0,1.0,6,,0.0,0.0,3.0,"""1,3""",5,4,3,-2.0,No,,no,0.0,0.0
392,2018-04-06 13:19:00,2018-04-06 13:47:00,1722,4,5.0,500000.0,1.0,2.0,1.0,1.0,,,0.0,0.0,3.0,1,4,6,4,-2.0,Yes,5.0,yes,500000.0,500000.0
393,2018-04-06 13:27:00,2018-04-06 13:47:00,1203,6,,0.0,,,1.0,1.0,,,0.0,0.0,3.0,1,3,4,3,-2.0,No,,no,0.0,0.0
394,2018-04-06 13:23:00,2018-04-06 13:47:00,1472,4,5.0,500000.0,2.0,2.0,1.0,1.0,,,0.0,0.0,1.0,3,2,7,3,-2.0,Yes,5.0,yes,500000.0,500000.0
395,2018-04-06 13:16:00,2018-04-06 13:47:00,1916,4,5.0,250000.0,2.0,2.0,1.0,1.0,,,0.0,0.0,1.0,3,2,5,4,-2.0,Yes,5.0,yes,250000.0,250000.0
396,2018-04-06 13:19:00,2018-04-06 13:48:00,1702,,,0.0,,,1.0,1.0,4,6.0,0.0,0.0,3.0,1,8,6,5,-2.0,No,6.0,no,0.0,0.0
397,2018-04-06 13:21:00,2018-04-06 13:48:00,1595,,,0.0,,,1.0,1.0,4,6.0,0.0,0.0,2.0,3,5,4,2,-2.0,No,6.0,no,0.0,0.0
398,2018-04-06 13:22:00,2018-04-06 13:48:00,1558,,,0.0,,,1.0,1.0,4,6.0,0.0,0.0,3.0,1,6,7,5,-2.0,No,6.0,no,0.0,0.0
399,2018-04-06 13:23:00,2018-04-06 13:48:00,1492,,,0.0,,,1.0,1.0,6,,0.0,0.0,3.0,1,7,4,4,-2.0,No,,no,0.0,0.0
401,2018-04-06 13:25:00,2018-04-06 13:48:00,1333,6,,0.0,,,1.0,1.0,,,0.0,0.0,3.0,1,4,6,5,-2.0,No,,no,0.0,0.0
402,2018-04-06 13:19:00,2018-04-06 13:48:00,1723,,,0.0,1.0,1.0,0.4,0.6,4,5.0,10000.0,490000.0,2.0,,8,5,5,100.0,Yes,5.0,yes,500000.0,200000.0
403,2018-04-06 13:24:00,2018-04-06 13:48:00,1422,,,0.0,1.0,1.0,0.8,0.2,4,5.0,10000.0,240000.0,2.0,1,8,6,1,100.0,Yes,5.0,yes,250000.0,200000.0
404,2018-04-06 13:26:00,2018-04-06 13:48:00,1321,,,0.0,1.0,1.0,0.75,0.25,4,5.0,10000.0,490000.0,1.0,3,6,4,6,100.0,Yes,5.0,yes,500000.0,375000.0
405,2018-04-06 13:20:00,2018-04-06 13:48:00,1649,6,,0.0,,,1.0,1.0,,,0.0,0.0,3.0,1,3,4,4,-2.0,No,,no,0.0,0.0
406,2018-04-06 13:16:00,2018-04-06 13:48:00,1899,4,5.0,300000.0,2.0,2.0,1.0,1.0,,,0.0,0.0,2.0,,1,4,2,-2.0,Yes,5.0,yes,300000.0,300000.0
407,2018-04-06 13:21:00,2018-04-06 13:48:00,1593,4,5.0,300000.0,1.0,2.0,1.0,1.0,,,0.0,0.0,3.0,1,1,3,2,-2.0,Yes,5.0,yes,300000.0,300000.0
408,2018-04-06 13:29:00,2018-04-06 13:48:00,1127,,,0.0,,,1.0,1.0,6,,0.0,0.0,3.0,1,5,6,5,-2.0,No,,no,0.0,0.0
409,2018-04-06 13:18:00,2018-04-06 13:48:00,1803,6,,0.0,,,1.0,1.0,,,0.0,0.0,3.0,1,2,6,4,-2.0,No,,no,0.0,0.0
410,2018-04-06 13:17:00,2018-04-06 13:48:00,1842,6,,0.0,,,1.0,1.0,,,0.0,0.0,2.0,1,2,4,4,-2.0,No,,no,0.0,0.0
411,2018-04-06 13:27:00,2018-04-06 13:48:00,1258,,,0.0,,,1.0,1.0,6,,0.0,0.0,3.0,1,8,6,4,-2.0,No,,no,0.0,0.0
412,2018-04-06 13:24:00,2018-04-06 13:48:00,1432,,,0.0,2.0,2.0,1.0,1.0,4,5.0,5000.0,400000.0,1.0,3,6,3,2,-2.0,Yes,5.0,yes,405000.0,405000.0
413,2018-04-06 13:26:00,2018-04-06 13:48:00,1336,6,,0.0,,,1.0,1.0,,,0.0,0.0,3.0,1,4,3,3,-2.0,No,,no,0.0,0.0
414,2018-04-06 13:21:00,2018-04-06 13:48:00,1631,,,0.0,,,1.0,1.0,6,,0.0,0.0,3.0,1,8,6,4,-2.0,No,,no,0.0,0.0
415,2018-04-06 13:17:00,2018-04-06 13:48:00,1866,4,6.0,0.0,,,1.0,1.0,,,0.0,0.0,3.0,3,1,8,4,-2.0,No,6.0,no,0.0,0.0
416,2018-04-06 13:26:00,2018-04-06 13:48:00,1321,,,0.0,,,1.0,1.0,6,,0.0,0.0,3.0,1,7,6,3,-2.0,No,,no,0.0,0.0
417,2018-04-06 13:27:00,2018-04-06 13:48:00,1280,4,5.0,250000.0,2.0,2.0,1.0,1.0,,,0.0,0.0,3.0,1,3,4,2,-2.0,Yes,5.0,yes,250000.0,250000.0
418,2018-04-06 13:22:00,2018-04-06 13:48:00,1604,,,0.0,,,1.0,1.0,6,,0.0,0.0,3.0,1,6,6,4,-2.0,No,,no,0.0,0.0
419,2018-04-06 13:21:00,2018-04-06 13:48:00,1658,4,5.0,100000.0,1.0,2.0,1.0,1.0,,,0.0,0.0,3.0,1,1,6,5,-2.0,Yes,5.0,yes,100000.0,100000.0
420,2018-04-06 13:27:00,2018-04-06 13:48:00,1272,,,0.0,,,1.0,1.0,6,,0.0,0.0,3.0,1,6,4,4,-2.0,No,,no,0.0,0.0
421,2018-04-06 13:27:00,2018-04-06 13:49:00,1301,6,,0.0,,,1.0,1.0,,,0.0,0.0,3.0,3,2,7,5,-2.0,No,,no,0.0,0.0
422,2018-04-06 13:27:00,2018-04-06 13:49:00,1310,4,6.0,0.0,,,1.0,1.0,,,0.0,0.0,3.0,1,1,5,4,-2.0,No,6.0,no,0.0,0.0
423,2018-04-06 13:20:00,2018-04-06 13:49:00,1700,,,0.0,,,1.0,1.0,6,,0.0,0.0,3.0,1,7,6,5,-2.0,No,,no,0.0,0.0
424,2018-04-06 13:19:00,2018-04-06 13:49:00,1806,,,0.0,1.0,1.0,0.6,0.4,4,5.0,10000.0,10000.0,2.0,3,7,6,4,100.0,Yes,5.0,yes,20000.0,12000.0
425,2018-04-06 13:28:00,2018-04-06 13:49:00,1247,6,,0.0,,,1.0,1.0,,,0.0,0.0,3.0,3,2,5,3,-2.0,No,,no,0.0,0.0
427,2018-04-06 13:24:00,2018-04-06 13:49:00,1501,,,0.0,,,1.0,1.0,6,,0.0,0.0,3.0,1,8,7,4,-2.0,No,,no,0.0,0.0
428,2018-04-06 13:22:00,2018-04-06 13:49:00,1580,,,0.0,,,1.0,1.0,6,,0.0,0.0,3.0,1,7,3,2,-2.0,No,,no,0.0,0.0
429,2018-04-06 13:25:00,2018-04-06 13:49:00,1458,,,0.0,1.0,1.0,0.9,0.1,4,5.0,10000.0,480000.0,3.0,1,7,6,3,100.0,Yes,5.0,yes,490000.0,441000.0
431,2018-04-06 13:25:00,2018-04-06 13:49:00,1446,,,0.0,,,1.0,1.0,6,,0.0,0.0,2.0,,7,4,4,-2.0,No,,no,0.0,0.0
432,2018-04-06 13:27:00,2018-04-06 13:49:00,1296,6,,0.0,,,1.0,1.0,,,0.0,0.0,3.0,1,4,3,2,-2.0,No,,no,0.0,0.0
433,2018-04-06 13:29:00,2018-04-06 13:49:00,1222,6,,0.0,,,1.0,1.0,,,0.0,0.0,3.0,1,1,6,4,-2.0,No,,no,0.0,0.0
434,2018-04-06 13:28:00,2018-04-06 13:49:00,1235,6,,0.0,,,1.0,1.0,,,0.0,0.0,3.0,1,4,4,4,-2.0,No,,no,0.0,0.0
435,2018-04-06 13:25:00,2018-04-06 13:49:00,1419,6,,0.0,,,1.0,1.0,,,0.0,0.0,3.0,1,2,6,2,-2.0,No,,no,0.0,0.0
436,2018-04-06 13:26:00,2018-04-06 13:49:00,1397,4,5.0,100000.0,1.0,1.0,0.4,0.6,,,0.0,0.0,2.0,3,2,5,4,100.0,Yes,5.0,yes,100000.0,40000.0
437,2018-04-06 13:27:00,2018-04-06 13:49:00,1361,,,0.0,,,1.0,1.0,6,,0.0,0.0,3.0,1,8,5,4,-2.0,No,,no,0.0,0.0
439,2018-04-06 13:25:00,2018-04-06 13:49:00,1454,,,0.0,1.0,2.0,1.0,1.0,4,5.0,10000.0,200000.0,2.0,3,6,4,3,-2.0,Yes,5.0,yes,210000.0,210000.0
440,2018-04-06 13:27:00,2018-04-06 13:49:00,1355,6,,0.0,,,1.0,1.0,,,0.0,0.0,3.0,1,4,3,2,-2.0,No,,no,0.0,0.0
441,2018-04-06 13:20:00,2018-04-06 13:49:00,1761,6,,0.0,,,1.0,1.0,,,0.0,0.0,3.0,1,4,3,3,-2.0,No,,no,0.0,0.0
442,2018-04-06 13:17:00,2018-04-06 13:49:00,1939,6,,0.0,,,1.0,1.0,,,0.0,0.0,3.0,1,3,6,4,-2.0,No,,no,0.0,0.0
443,2018-04-06 13:21:00,2018-04-06 13:49:00,1723,,,0.0,,,1.0,1.0,6,,0.0,0.0,3.0,1,7,6,4,-2.0,No,,no,0.0,0.0
444,2018-04-06 13:27:00,2018-04-06 13:50:00,1324,,,0.0,1.0,1.0,0.85,0.15,4,5.0,10000.0,250000.0,2.0,3,5,5,2,100.0,Yes,5.0,yes,260000.0,221000.0
445,2018-04-06 13:20:00,2018-04-06 13:50:00,1760,,,0.0,,,1.0,1.0,6,,0.0,0.0,2.0,,5,7,4,-2.0,No,,no,0.0,0.0
447,2018-04-06 13:26:00,2018-04-06 13:50:00,1418,,,0.0,,,1.0,1.0,6,,0.0,0.0,3.0,3,7,3,2,-2.0,No,,no,0.0,0.0
448,2018-04-06 13:17:00,2018-04-06 13:50:00,1945,,,0.0,2.0,2.0,1.0,1.0,4,5.0,10000.0,250000.0,1.0,3,6,8,4,-2.0,Yes,5.0,yes,260000.0,260000.0
449,2018-04-06 13:16:00,2018-04-06 13:50:00,2035,,,0.0,,,1.0,1.0,6,,0.0,0.0,3.0,1,8,7,4,-2.0,No,,no,0.0,0.0
450,2018-04-06 13:29:00,2018-04-06 13:50:00,1241,4,5.0,25000.0,1.0,1.0,0.2,0.8,,,0.0,0.0,3.0,,3,6,4,100.0,Yes,5.0,yes,25000.0,5000.0
451,2018-04-06 13:26:00,2018-04-06 13:50:00,1440,,,0.0,,,1.0,1.0,6,,0.0,0.0,3.0,3,5,3,3,-2.0,No,,no,0.0,0.0
452,2018-04-06 13:25:00,2018-04-06 13:50:00,1493,,,0.0,1.0,1.0,0.4,0.6,4,5.0,10000.0,50000.0,2.0,3,8,7,4,100.0,Yes,5.0,yes,60000.0,24000.0
453,2018-04-06 13:31:00,2018-04-06 13:50:00,1163,,,0.0,,,1.0,1.0,6,,0.0,0.0,3.0,1,5,4,4,-2.0,No,,no,0.0,0.0
455,2018-04-06 13:23:00,2018-04-06 13:50:00,1646,4,5.0,350000.0,1.0,1.0,0.85,0.15,,,0.0,0.0,2.0,,4,4,3,100.0,Yes,5.0,yes,350000.0,297500.0
456,2018-04-06 13:25:00,2018-04-06 13:50:00,1495,6,,0.0,,,1.0,1.0,,,0.0,0.0,3.0,1,1,3,1,-2.0,No,,no,0.0,0.0
457,2018-04-06 13:20:00,2018-04-06 13:50:00,1833,6,,0.0,,,1.0,1.0,,,0.0,0.0,3.0,1,1,7,3,-2.0,No,,no,0.0,0.0
458,2018-04-06 13:25:00,2018-04-06 13:50:00,1504,4,5.0,25000.0,1.0,2.0,1.0,1.0,,,0.0,0.0,2.0,1,3,4,2,-2.0,Yes,5.0,yes,25000.0,25000.0
459,2018-04-06 13:16:00,2018-04-06 13:50:00,2046,6,,0.0,,,1.0,1.0,,,0.0,0.0,3.0,1,2,3,4,-2.0,No,,no,0.0,0.0
460,2018-04-06 13:31:00,2018-04-06 13:50:00,1130,6,,0.0,,,1.0,1.0,,,0.0,0.0,3.0,,1,6,4,-2.0,No,,no,0.0,0.0
462,2018-04-06 13:27:00,2018-04-06 13:50:00,1409,,,0.0,,,1.0,1.0,6,,0.0,0.0,3.0,,6,4,4,-2.0,No,,no,0.0,0.0
463,2018-04-06 13:29:00,2018-04-06 13:50:00,1280,4,5.0,500000.0,2.0,2.0,1.0,1.0,,,0.0,0.0,1.0,,2,6,4,-2.0,Yes,5.0,yes,500000.0,500000.0
465,2018-04-06 13:25:00,2018-04-06 13:51:00,1528,6,,0.0,,,1.0,1.0,,,0.0,0.0,3.0,1,3,6,4,-2.0,No,,no,0.0,0.0
466,2018-04-06 13:31:00,2018-04-06 13:51:00,1148,,,0.0,,,1.0,1.0,6,,0.0,0.0,2.0,,5,6,6,-2.0,No,,no,0.0,0.0
467,2018-04-06 13:26:00,2018-04-06 13:51:00,1480,,,0.0,1.0,1.0,0.1,0.9,4,5.0,10000.0,75000.0,3.0,1,7,4,3,100.0,Yes,5.0,yes,85000.0,8500.0
468,2018-04-06 13:25:00,2018-04-06 13:51:00,1526,4,5.0,500000.0,2.0,2.0,1.0,1.0,,,0.0,0.0,2.0,1,1,4,3,-2.0,Yes,5.0,yes,500000.0,500000.0
469,2018-04-06 13:29:00,2018-04-06 13:51:00,1287,,,0.0,,,1.0,1.0,6,,0.0,0.0,3.0,,8,3,2,-2.0,No,,no,0.0,0.0
470,2018-04-06 13:27:00,2018-04-06 13:51:00,1427,,,0.0,,,1.0,1.0,4,6.0,0.0,0.0,1.0,3,8,6,2,-2.0,No,6.0,no,0.0,0.0
471,2018-04-06 13:16:00,2018-04-06 13:51:00,2118,6,,0.0,,,1.0,1.0,,,0.0,0.0,3.0,,4,6,4,-2.0,No,,no,0.0,0.0
472,2018-04-06 13:27:00,2018-04-06 13:51:00,1420,6,,0.0,,,1.0,1.0,,,0.0,0.0,3.0,1,4,6,2,-2.0,No,,no,0.0,0.0
473,2018-04-06 13:25:00,2018-04-06 13:51:00,1580,4,5.0,100000.0,1.0,1.0,0.1,0.9,,,0.0,0.0,3.0,,3,3,5,100.0,Yes,5.0,yes,100000.0,10000.0
474,2018-04-06 13:31:00,2018-04-06 13:51:00,1193,,,0.0,,,1.0,1.0,6,,0.0,0.0,3.0,1,6,4,2,-2.0,No,,no,0.0,0.0
475,2018-04-06 13:23:00,2018-04-06 13:51:00,1670,4,5.0,30000.0,1.0,1.0,0.65,0.35,,,0.0,0.0,3.0,1,4,6,2,100.0,Yes,5.0,yes,30000.0,19500.0
476,2018-04-06 13:31:00,2018-04-06 13:51:00,1198,6,,0.0,,,1.0,1.0,,,0.0,0.0,3.0,1,4,7,4,-2.0,No,,no,0.0,0.0
477,2018-04-06 13:30:00,2018-04-06 13:51:00,1268,4,5.0,250000.0,2.0,2.0,1.0,1.0,,,0.0,0.0,1.0,3,2,7,2,-2.0,Yes,5.0,yes,250000.0,250000.0
478,2018-04-06 13:28:00,2018-04-06 13:51:00,1417,,,0.0,,,1.0,1.0,6,,0.0,0.0,3.0,1,8,4,3,-2.0,No,,no,0.0,0.0
479,2018-04-06 13:25:00,2018-04-06 13:51:00,1584,,,0.0,,,1.0,1.0,6,,0.0,0.0,3.0,1,8,6,4,-2.0,No,,no,0.0,0.0
480,2018-04-06 13:31:00,2018-04-06 13:52:00,1249,6,,0.0,,,1.0,1.0,,,0.0,0.0,3.0,1,4,7,4,-2.0,No,,no,0.0,0.0
481,2018-04-06 13:28:00,2018-04-06 13:52:00,1418,,,0.0,2.0,2.0,1.0,1.0,4,5.0,10000.0,20000.0,3.0,3,7,4,2,-2.0,Yes,5.0,yes,30000.0,30000.0
482,2018-04-06 13:26:00,2018-04-06 13:52:00,1559,6,,0.0,,,1.0,1.0,,,0.0,0.0,3.0,1,4,3,1,-2.0,No,,no,0.0,0.0
483,2018-04-06 13:27:00,2018-04-06 13:52:00,1513,6,,0.0,,,1.0,1.0,,,0.0,0.0,3.0,1,1,4,3,-2.0,No,,no,0.0,0.0
484,2018-04-06 13:31:00,2018-04-06 13:52:00,1221,6,,0.0,,,1.0,1.0,,,0.0,0.0,3.0,1,1,7,4,-2.0,No,,no,0.0,0.0
485,2018-04-06 13:28:00,2018-04-06 13:52:00,1436,,,0.0,,,1.0,1.0,4,6.0,0.0,0.0,3.0,,5,5,3,-2.0,No,6.0,no,0.0,0.0
486,2018-04-06 13:26:00,2018-04-06 13:52:00,1555,,,0.0,,,1.0,1.0,6,,0.0,0.0,2.0,,5,3,2,-2.0,No,,no,0.0,0.0
487,2018-04-06 13:30:00,2018-04-06 13:52:00,1298,4,5.0,300000.0,1.0,1.0,0.55,0.45,,,0.0,0.0,3.0,1,2,6,5,100.0,Yes,5.0,yes,300000.0,165000.0
488,2018-04-06 13:32:00,2018-04-06 13:52:00,1205,6,,0.0,,,1.0,1.0,,,0.0,0.0,3.0,1,2,4,3,-2.0,No,,no,0.0,0.0
490,2018-04-06 13:26:00,2018-04-06 13:52:00,1582,,,0.0,1.0,2.0,1.0,1.0,4,5.0,10000.0,250000.0,1.0,3,7,6,4,-2.0,Yes,5.0,yes,260000.0,260000.0
491,2018-04-06 13:19:00,2018-04-06 13:52:00,1976,,,0.0,,,1.0,1.0,6,,0.0,0.0,3.0,1,8,5,4,-2.0,No,,no,0.0,0.0
492,2018-04-06 13:15:00,2018-04-06 13:52:00,2218,,,0.0,1.0,1.0,0.4,0.6,4,5.0,10000.0,25000.0,2.0,1,6,4,3,100.0,Yes,5.0,yes,35000.0,14000.0
493,2018-04-06 13:26:00,2018-04-06 13:52:00,1592,4,5.0,500000.0,2.0,2.0,1.0,1.0,,,0.0,0.0,2.0,3,1,6,3,-2.0,Yes,5.0,yes,500000.0,500000.0
494,2018-04-06 13:30:00,2018-04-06 13:52:00,1346,,,0.0,,,1.0,1.0,6,,0.0,0.0,2.0,3,5,5,2,-2.0,No,,no,0.0,0.0
495,2018-04-06 13:33:00,2018-04-06 13:52:00,1177,,,0.0,,,1.0,1.0,6,,0.0,0.0,3.0,1,6,6,3,-2.0,No,,no,0.0,0.0
496,2018-04-06 13:16:00,2018-04-06 13:52:00,2187,,,0.0,2.0,2.0,1.0,1.0,4,5.0,10000.0,490000.0,2.0,3,7,5,4,-2.0,Yes,5.0,yes,500000.0,500000.0
498,2018-04-06 13:32:00,2018-04-06 13:53:00,1212,,,0.0,,,1.0,1.0,6,,0.0,0.0,3.0,,7,6,4,-2.0,No,,no,0.0,0.0
499,2018-04-06 13:23:00,2018-04-06 13:53:00,1784,6,,0.0,,,1.0,1.0,,,0.0,0.0,3.0,1,3,5,3,-2.0,No,,no,0.0,0.0
500,2018-04-06 13:32:00,2018-04-06 13:53:00,1244,4,6.0,0.0,,,1.0,1.0,,,0.0,0.0,1.0,,4,3,4,-2.0,No,6.0,no,0.0,0.0
501,2018-04-06 13:24:00,2018-04-06 13:53:00,1684,4,6.0,0.0,,,1.0,1.0,,,0.0,0.0,2.0,3,1,3,2,-2.0,No,6.0,no,0.0,0.0
502,2018-04-06 13:31:00,2018-04-06 13:53:00,1271,4,5.0,100000.0,1.0,1.0,0.5,0.5,,,0.0,0.0,2.0,3,2,4,3,100.0,Yes,5.0,yes,100000.0,50000.0
503,2018-04-06 13:34:00,2018-04-06 13:53:00,1107,4,6.0,0.0,,,1.0,1.0,,,0.0,0.0,2.0,3,1,6,4,-2.0,No,6.0,no,0.0,0.0
505,2018-04-06 13:29:00,2018-04-06 13:53:00,1444,4,5.0,400000.0,2.0,2.0,1.0,1.0,,,0.0,0.0,3.0,1,3,4,2,-2.0,Yes,5.0,yes,400000.0,400000.0
506,2018-04-06 13:33:00,2018-04-06 13:53:00,1206,6,,0.0,,,1.0,1.0,,,0.0,0.0,3.0,1,4,6,4,-2.0,No,,no,0.0,0.0
507,2018-04-06 13:29:00,2018-04-06 13:53:00,1435,,,0.0,1.0,1.0,0.5,0.5,4,5.0,10000.0,490000.0,2.0,1,8,6,5,100.0,Yes,5.0,yes,500000.0,250000.0
508,2018-04-06 13:27:00,2018-04-06 13:53:00,1531,,,0.0,2.0,2.0,1.0,1.0,4,5.0,10000.0,490000.0,1.0,1,8,5,4,-2.0,Yes,5.0,yes,500000.0,500000.0
509,2018-04-06 13:26:00,2018-04-06 13:53:00,1629,6,,0.0,,,1.0,1.0,,,0.0,0.0,3.0,1,2,4,4,-2.0,No,,no,0.0,0.0
511,2018-04-06 13:32:00,2018-04-06 13:53:00,1278,6,,0.0,,,1.0,1.0,,,0.0,0.0,3.0,1,1,6,4,-2.0,No,,no,0.0,0.0
512,2018-04-06 13:23:00,2018-04-06 13:53:00,1779,,,0.0,1.0,1.0,0.7,0.3,4,5.0,10000.0,150000.0,2.0,3,7,6,4,100.0,Yes,5.0,yes,160000.0,112000.0
514,2018-04-06 13:31:00,2018-04-06 13:53:00,1305,,,0.0,,,1.0,1.0,6,,0.0,0.0,3.0,1,6,6,2,-2.0,No,,no,0.0,0.0
515,2018-04-06 13:27:00,2018-04-06 13:53:00,1599,,,0.0,1.0,1.0,0.85,0.15,4,5.0,10000.0,100000.0,2.0,3,7,4,2,100.0,Yes,5.0,yes,110000.0,93500.0
516,2018-04-06 13:24:00,2018-04-06 13:53:00,1738,,,0.0,2.0,2.0,1.0,1.0,4,5.0,200000.0,100000.0,1.0,1,6,3,2,-2.0,Yes,5.0,yes,300000.0,300000.0
517,2018-04-06 13:33:00,2018-04-06 13:53:00,1206,,,0.0,,,1.0,1.0,6,,0.0,0.0,3.0,1,7,6,2,-2.0,No,,no,0.0,0.0
518,2018-04-06 13:22:00,2018-04-06 13:53:00,1890,,,0.0,,,1.0,1.0,6,,0.0,0.0,3.0,1,7,6,4,-2.0,No,,no,0.0,0.0
519,2018-04-06 13:31:00,2018-04-06 13:53:00,1337,6,,0.0,,,1.0,1.0,,,0.0,0.0,3.0,,1,4,3,-2.0,No,,no,0.0,0.0
520,2018-04-06 13:31:00,2018-04-06 13:53:00,1328,6,,0.0,,,1.0,1.0,,,0.0,0.0,3.0,1,2,7,3,-2.0,No,,no,0.0,0.0
521,2018-04-06 13:20:00,2018-04-06 13:54:00,2040,4,5.0,200000.0,1.0,1.0,0.45,0.55,,,0.0,0.0,2.0,1,3,6,4,100.0,Yes,5.0,yes,200000.0,90000.0
522,2018-04-06 13:30:00,2018-04-06 13:54:00,1391,,,0.0,1.0,2.0,1.0,1.0,4,5.0,200000.0,5000.0,1.0,3,8,6,4,-2.0,Yes,5.0,yes,205000.0,205000.0
523,2018-04-06 13:34:00,2018-04-06 13:54:00,1162,,,0.0,,,1.0,1.0,6,,0.0,0.0,3.0,1,6,6,4,-2.0,No,,no,0.0,0.0
524,2018-04-06 13:25:00,2018-04-06 13:54:00,1694,,,0.0,,,1.0,1.0,6,,0.0,0.0,3.0,1,5,6,5,-2.0,No,,no,0.0,0.0
525,2018-04-06 13:27:00,2018-04-06 13:54:00,1593,4,5.0,100000.0,2.0,2.0,1.0,1.0,,,0.0,0.0,3.0,1,4,4,1,-2.0,Yes,5.0,yes,100000.0,100000.0
526,2018-04-06 13:31:00,2018-04-06 13:54:00,1355,4,5.0,500000.0,1.0,1.0,0.7,0.3,,,0.0,0.0,3.0,1,1,7,4,100.0,Yes,5.0,yes,500000.0,350000.0
527,2018-04-06 13:35:00,2018-04-06 13:54:00,1138,,,0.0,,,1.0,1.0,6,,0.0,0.0,3.0,1,5,6,2,-2.0,No,,no,0.0,0.0
528,2018-04-06 13:23:00,2018-04-06 13:54:00,1853,,,0.0,2.0,2.0,1.0,1.0,4,5.0,10000.0,190000.0,2.0,1,7,4,2,-2.0,Yes,5.0,yes,200000.0,200000.0
529,2018-04-06 13:33:00,2018-04-06 13:54:00,1276,,,0.0,,,1.0,1.0,6,,0.0,0.0,3.0,,8,4,4,-2.0,No,,no,0.0,0.0
530,2018-04-06 13:15:00,2018-04-06 13:54:00,2336,4,5.0,450000.0,2.0,2.0,1.0,1.0,,,0.0,0.0,1.0,1,2,3,3,-2.0,Yes,5.0,yes,450000.0,450000.0
531,2018-04-06 13:27:00,2018-04-06 13:54:00,1612,,,0.0,,,1.0,1.0,6,,0.0,0.0,3.0,1,7,6,4,-2.0,No,,no,0.0,0.0
532,2018-04-06 13:20:00,2018-04-06 13:54:00,2010,6,,0.0,,,1.0,1.0,,,0.0,0.0,2.0,1,4,6,5,-2.0,No,,no,0.0,0.0
533,2018-04-06 13:28:00,2018-04-06 13:54:00,1558,,,0.0,1.0,1.0,0.9,0.1,4,5.0,10000.0,250000.0,3.0,1,8,4,3,100.0,Yes,5.0,yes,260000.0,234000.0
534,2018-04-06 13:30:00,2018-04-06 13:54:00,1461,6,,0.0,,,1.0,1.0,,,0.0,0.0,3.0,1,1,4,3,-2.0,No,,no,0.0,0.0
535,2018-04-06 13:20:00,2018-04-06 13:54:00,2073,,,0.0,,,1.0,1.0,6,,0.0,0.0,3.0,1,7,7,5,-2.0,No,,no,0.0,0.0
536,2018-04-06 13:37:00,2018-04-06 13:54:00,1037,4,5.0,500000.0,2.0,2.0,1.0,1.0,,,0.0,0.0,1.0,3,4,3,2,-2.0,Yes,5.0,yes,500000.0,500000.0
538,2018-04-06 13:30:00,2018-04-06 13:54:00,1484,,,0.0,,,1.0,1.0,6,,0.0,0.0,3.0,,5,6,3,-2.0,No,,no,0.0,0.0
539,2018-04-06 13:32:00,2018-04-06 13:54:00,1335,,,0.0,,,1.0,1.0,6,,0.0,0.0,3.0,1,8,6,4,-2.0,No,,no,0.0,0.0
540,2018-04-06 13:34:00,2018-04-06 13:54:00,1249,4,5.0,500000.0,1.0,2.0,1.0,1.0,,,0.0,0.0,1.0,3,1,4,1,-2.0,Yes,5.0,yes,500000.0,500000.0
541,2018-04-06 13:30:00,2018-04-06 13:54:00,1451,,,0.0,,,1.0,1.0,6,,0.0,0.0,2.0,1,6,6,6,-2.0,No,,no,0.0,0.0
542,2018-04-06 13:24:00,2018-04-06 13:55:00,1806,,,0.0,,,1.0,1.0,6,,0.0,0.0,3.0,1,6,6,4,-2.0,No,,no,0.0,0.0
544,2018-04-06 13:17:00,2018-04-06 13:55:00,2267,,,0.0,2.0,2.0,1.0,1.0,4,5.0,10000.0,490000.0,1.0,3,5,4,4,-2.0,Yes,5.0,yes,500000.0,500000.0
545,2018-04-06 13:21:00,2018-04-06 13:55:00,2016,4,5.0,500000.0,2.0,2.0,1.0,1.0,,,0.0,0.0,3.0,1,4,3,4,-2.0,Yes,5.0,yes,500000.0,500000.0
546,2018-04-06 13:33:00,2018-04-06 13:55:00,1309,,,0.0,,,1.0,1.0,6,,0.0,0.0,3.0,1,8,4,5,-2.0,No,,no,0.0,0.0
547,2018-04-06 13:16:00,2018-04-06 13:55:00,2324,6,,0.0,,,1.0,1.0,,,0.0,0.0,3.0,3,1,7,5,-2.0,No,,no,0.0,0.0
548,2018-04-06 13:30:00,2018-04-06 13:55:00,1497,4,5.0,200000.0,2.0,2.0,1.0,1.0,,,0.0,0.0,3.0,1,3,6,4,-2.0,Yes,5.0,yes,200000.0,200000.0
549,2018-04-06 13:21:00,2018-04-06 13:55:00,2027,,,0.0,,,1.0,1.0,4,6.0,0.0,0.0,2.0,3,7,3,2,-2.0,No,6.0,no,0.0,0.0
550,2018-04-06 13:34:00,2018-04-06 13:55:00,1293,,,0.0,,,1.0,1.0,6,,0.0,0.0,3.0,1,7,6,1,-2.0,No,,no,0.0,0.0
551,2018-04-06 13:36:00,2018-04-06 13:55:00,1171,,,0.0,,,1.0,1.0,6,,0.0,0.0,3.0,1,6,6,4,-2.0,No,,no,0.0,0.0
552,2018-04-06 13:34:00,2018-04-06 13:55:00,1264,6,,0.0,,,1.0,1.0,,,0.0,0.0,3.0,1,3,6,4,-2.0,No,,no,0.0,0.0
553,2018-04-06 13:27:00,2018-04-06 13:55:00,1686,6,,0.0,,,1.0,1.0,,,0.0,0.0,2.0,,1,6,2,-2.0,No,,no,0.0,0.0
554,2018-04-06 13:33:00,2018-04-06 13:55:00,1316,,,0.0,1.0,1.0,0.7,0.3,4,5.0,10000.0,490000.0,2.0,3,6,4,4,100.0,Yes,5.0,yes,500000.0,350000.0
555,2018-04-06 13:32:00,2018-04-06 13:55:00,1391,6,,0.0,,,1.0,1.0,,,0.0,0.0,3.0,1,3,6,5,-2.0,No,,no,0.0,0.0
556,2018-04-06 13:29:00,2018-04-06 13:56:00,1600,,,0.0,2.0,2.0,1.0,1.0,4,5.0,10000.0,49000.0,1.0,3,6,5,3,-2.0,Yes,5.0,yes,59000.0,59000.0
557,2018-04-06 13:31:00,2018-04-06 13:56:00,1450,4,5.0,100000.0,1.0,2.0,1.0,1.0,,,0.0,0.0,2.0,,4,6,2,-2.0,Yes,5.0,yes,100000.0,100000.0
558,2018-04-06 13:35:00,2018-04-06 13:56:00,1253,,,0.0,,,1.0,1.0,6,,0.0,0.0,3.0,,6,5,5,-2.0,No,,no,0.0,0.0
559,2018-04-06 13:33:00,2018-04-06 13:56:00,1388,,,0.0,1.0,2.0,1.0,1.0,4,5.0,10000.0,490000.0,2.0,,5,7,4,-2.0,Yes,5.0,yes,500000.0,500000.0
561,2018-04-06 13:26:00,2018-04-06 13:56:00,1814,4,5.0,200000.0,2.0,2.0,1.0,1.0,,,0.0,0.0,3.0,3,4,7,4,-2.0,Yes,5.0,yes,200000.0,200000.0
563,2018-04-06 13:35:00,2018-04-06 13:56:00,1256,6,,0.0,,,1.0,1.0,,,0.0,0.0,3.0,1,1,6,5,-2.0,No,,no,0.0,0.0
564,2018-04-06 13:35:00,2018-04-06 13:56:00,1286,,,0.0,2.0,2.0,1.0,1.0,4,5.0,10000.0,490000.0,1.0,3,5,6,5,-2.0,Yes,5.0,yes,500000.0,500000.0
565,2018-04-06 13:36:00,2018-04-06 13:56:00,1245,6,,0.0,,,1.0,1.0,,,0.0,0.0,3.0,,1,6,3,-2.0,No,,no,0.0,0.0
566,2018-04-06 13:25:00,2018-04-06 13:56:00,1850,4,5.0,100000.0,1.0,1.0,0.5,0.5,,,0.0,0.0,3.0,1,3,4,4,100.0,Yes,5.0,yes,100000.0,50000.0
567,2018-04-06 13:28:00,2018-04-06 13:56:00,1690,4,5.0,400000.0,2.0,2.0,1.0,1.0,,,0.0,0.0,2.0,3,3,6,4,-2.0,Yes,5.0,yes,400000.0,400000.0
568,2018-04-06 13:25:00,2018-04-06 13:56:00,1912,,,0.0,2.0,2.0,1.0,1.0,4,5.0,75000.0,15000.0,2.0,1,7,4,2,-2.0,Yes,5.0,yes,90000.0,90000.0
569,2018-04-06 13:36:00,2018-04-06 13:57:00,1227,4,5.0,100000.0,2.0,1.0,1.0,1.0,,,0.0,0.0,2.0,1,1,3,2,-2.0,Yes,5.0,yes,100000.0,100000.0
570,2018-04-06 13:33:00,2018-04-06 13:57:00,1435,,,0.0,1.0,1.0,0.75,0.25,4,5.0,10000.0,490000.0,1.0,3,6,4,4,100.0,Yes,5.0,yes,500000.0,375000.0
571,2018-04-06 13:34:00,2018-04-06 13:57:00,1378,4,5.0,150000.0,1.0,1.0,0.5,0.5,,,0.0,0.0,2.0,3,3,5,4,100.0,Yes,5.0,yes,150000.0,75000.0
572,2018-04-06 13:32:00,2018-04-06 13:57:00,1490,4,5.0,10000.0,1.0,2.0,1.0,1.0,,,0.0,0.0,2.0,3,4,6,3,-2.0,Yes,5.0,yes,10000.0,10000.0
573,2018-04-06 13:34:00,2018-04-06 13:57:00,1376,4,5.0,500000.0,2.0,2.0,1.0,1.0,,,0.0,0.0,2.0,3,2,6,3,-2.0,Yes,5.0,yes,500000.0,500000.0
574,2018-04-06 13:25:00,2018-04-06 13:57:00,1903,4,5.0,325000.0,1.0,1.0,0.8,0.2,,,0.0,0.0,1.0,3,2,4,4,100.0,Yes,5.0,yes,325000.0,260000.0
575,2018-04-06 13:30:00,2018-04-06 13:57:00,1599,,,0.0,2.0,2.0,1.0,1.0,4,5.0,10000.0,250000.0,3.0,1,8,6,5,-2.0,Yes,5.0,yes,260000.0,260000.0
577,2018-04-06 13:20:00,2018-04-06 13:57:00,2231,,,0.0,1.0,1.0,0.5,0.5,4,5.0,10000.0,490000.0,1.0,1,6,6,4,100.0,Yes,5.0,yes,500000.0,250000.0
578,2018-04-06 13:33:00,2018-04-06 13:57:00,1410,4,5.0,100000.0,1.0,1.0,0.6,0.4,,,0.0,0.0,3.0,1,2,4,5,100.0,Yes,5.0,yes,100000.0,60000.0
579,2018-04-06 13:36:00,2018-04-06 13:57:00,1280,,,0.0,1.0,1.0,0.75,0.25,4,5.0,10000.0,10000.0,2.0,3,7,8,5,100.0,Yes,5.0,yes,20000.0,15000.0
580,2018-04-06 13:20:00,2018-04-06 13:57:00,2207,4,6.0,0.0,,,1.0,1.0,,,0.0,0.0,3.0,3,4,4,1,-2.0,No,6.0,no,0.0,0.0
581,2018-04-06 13:36:00,2018-04-06 13:57:00,1240,,,0.0,,,1.0,1.0,6,,0.0,0.0,3.0,1,8,3,2,-2.0,No,,no,0.0,0.0
582,2018-04-06 13:22:00,2018-04-06 13:57:00,2130,6,,0.0,,,1.0,1.0,,,0.0,0.0,3.0,1,3,5,4,-2.0,No,,no,0.0,0.0
583,2018-04-06 13:37:00,2018-04-06 13:57:00,1225,6,,0.0,,,1.0,1.0,,,0.0,0.0,3.0,1,1,4,2,-2.0,No,,no,0.0,0.0
584,2018-04-06 13:32:00,2018-04-06 13:57:00,1540,4,5.0,200000.0,1.0,1.0,0.75,0.25,,,0.0,0.0,2.0,3,2,6,2,100.0,Yes,5.0,yes,200000.0,150000.0
585,2018-04-06 13:35:00,2018-04-06 13:57:00,1323,6,,0.0,,,1.0,1.0,,,0.0,0.0,2.0,1,3,6,4,-2.0,No,,no,0.0,0.0
586,2018-04-06 13:36:00,2018-04-06 13:57:00,1266,,,0.0,,,1.0,1.0,6,,0.0,0.0,3.0,1,6,5,3,-2.0,No,,no,0.0,0.0
587,2018-04-06 13:38:00,2018-04-06 13:57:00,1170,,,0.0,,,1.0,1.0,6,,0.0,0.0,3.0,3,6,5,4,-2.0,No,,no,0.0,0.0
588,2018-04-06 13:34:00,2018-04-06 13:57:00,1386,6,,0.0,,,1.0,1.0,,,0.0,0.0,3.0,1,4,6,2,-2.0,No,,no,0.0,0.0
589,2018-04-06 13:37:00,2018-04-06 13:57:00,1243,4,5.0,100000.0,2.0,2.0,1.0,1.0,,,0.0,0.0,2.0,3,1,4,4,-2.0,Yes,5.0,yes,100000.0,100000.0
590,2018-04-06 13:27:00,2018-04-06 13:58:00,1832,,,0.0,2.0,2.0,1.0,1.0,4,5.0,490000.0,1000.0,2.0,1,7,3,2,-2.0,Yes,5.0,yes,491000.0,491000.0
591,2018-04-06 13:31:00,2018-04-06 13:58:00,1624,4,5.0,500000.0,2.0,2.0,1.0,1.0,,,0.0,0.0,1.0,,1,6,3,-2.0,Yes,5.0,yes,500000.0,500000.0
592,2018-04-06 13:30:00,2018-04-06 13:58:00,1694,4,5.0,50000.0,2.0,2.0,1.0,1.0,,,0.0,0.0,1.0,3,3,3,3,-2.0,Yes,5.0,yes,50000.0,50000.0
593,2018-04-06 13:35:00,2018-04-06 13:58:00,1339,,,0.0,1.0,1.0,0.75,0.25,4,5.0,10000.0,490000.0,1.0,3,6,6,2,100.0,Yes,5.0,yes,500000.0,375000.0
594,2018-04-06 13:36:00,2018-04-06 13:58:00,1332,,,0.0,,,1.0,1.0,6,,0.0,0.0,3.0,,6,6,2,-2.0,No,,no,0.0,0.0
595,2018-04-06 13:17:00,2018-04-06 13:58:00,2436,6,,0.0,,,1.0,1.0,,,0.0,0.0,3.0,1,3,8,3,-2.0,No,,no,0.0,0.0
596,2018-04-06 13:36:00,2018-04-06 13:58:00,1296,,,0.0,,,1.0,1.0,6,,0.0,0.0,3.0,1,7,5,4,-2.0,No,,no,0.0,0.0
597,2018-04-06 13:38:00,2018-04-06 13:58:00,1228,,,0.0,,,1.0,1.0,6,,0.0,0.0,3.0,1,7,6,4,-2.0,No,,no,0.0,0.0
598,2018-04-06 13:26:00,2018-04-06 13:58:00,1915,,,0.0,2.0,2.0,1.0,1.0,4,5.0,10000.0,490000.0,1.0,3,7,4,3,-2.0,Yes,5.0,yes,500000.0,500000.0
599,2018-04-06 13:38:00,2018-04-06 13:58:00,1233,,,0.0,,,1.0,1.0,4,6.0,0.0,0.0,3.0,1,5,6,5,-2.0,No,6.0,no,0.0,0.0
600,2018-04-06 13:35:00,2018-04-06 13:59:00,1430,,,0.0,,,1.0,1.0,6,,0.0,0.0,3.0,3,5,5,4,-2.0,No,,no,0.0,0.0
601,2018-04-06 13:35:00,2018-04-06 13:59:00,1432,6,,0.0,,,1.0,1.0,,,0.0,0.0,3.0,1,4,7,3,-2.0,No,,no,0.0,0.0
602,2018-04-06 13:36:00,2018-04-06 13:59:00,1333,4,6.0,0.0,,,1.0,1.0,,,0.0,0.0,3.0,1,3,4,3,-2.0,No,6.0,no,0.0,0.0
603,2018-04-06 13:27:00,2018-04-06 13:59:00,1880,4,5.0,500000.0,1.0,1.0,0.5,0.5,,,0.0,0.0,1.0,1,2,6,4,100.0,Yes,5.0,yes,500000.0,250000.0
604,2018-04-06 13:37:00,2018-04-06 13:59:00,1295,4,5.0,500000.0,2.0,2.0,1.0,1.0,,,0.0,0.0,2.0,1,2,4,2,-2.0,Yes,5.0,yes,500000.0,500000.0
605,2018-04-06 13:36:00,2018-04-06 13:59:00,1402,6,,0.0,,,1.0,1.0,,,0.0,0.0,3.0,1,3,4,3,-2.0,No,,no,0.0,0.0
606,2018-04-06 13:23:00,2018-04-06 13:59:00,2157,4,5.0,100000.0,1.0,1.0,0.35,0.65,,,0.0,0.0,3.0,1,3,6,3,100.0,Yes,5.0,yes,100000.0,35000.0
607,2018-04-06 13:33:00,2018-04-06 13:59:00,1577,,,0.0,2.0,2.0,1.0,1.0,4,5.0,10000.0,100000.0,2.0,1,8,6,2,-2.0,Yes,5.0,yes,110000.0,110000.0
608,2018-04-06 13:40:00,2018-04-06 13:59:00,1175,4,5.0,250000.0,2.0,2.0,1.0,1.0,,,0.0,0.0,1.0,3,2,4,4,-2.0,Yes,5.0,yes,250000.0,250000.0
609,2018-04-06 13:39:00,2018-04-06 14:00:00,1231,,,0.0,,,1.0,1.0,6,,0.0,0.0,3.0,,6,5,4,-2.0,No,,no,0.0,0.0
610,2018-04-06 13:37:00,2018-04-06 14:00:00,1382,,,0.0,2.0,2.0,1.0,1.0,4,5.0,10000.0,15000.0,2.0,3,8,5,3,-2.0,Yes,5.0,yes,25000.0,25000.0
611,2018-04-06 13:32:00,2018-04-06 14:00:00,1676,,,0.0,,,1.0,1.0,6,,0.0,0.0,3.0,,6,6,4,-2.0,No,,no,0.0,0.0
612,2018-04-06 13:20:00,2018-04-06 14:00:00,2407,,,0.0,,,1.0,1.0,6,,0.0,0.0,3.0,1,8,6,1,-2.0,No,,no,0.0,0.0
613,2018-04-06 13:30:00,2018-04-06 14:00:00,1783,4,5.0,120000.0,2.0,2.0,1.0,1.0,,,0.0,0.0,1.0,3,3,6,4,-2.0,Yes,5.0,yes,120000.0,120000.0
614,2018-04-06 13:25:00,2018-04-06 14:00:00,2125,4,5.0,100000.0,1.0,2.0,1.0,1.0,,,0.0,0.0,3.0,1,3,6,4,-2.0,Yes,5.0,yes,100000.0,100000.0
615,2018-04-06 13:30:00,2018-04-06 14:00:00,1810,,,0.0,1.0,1.0,0.5,0.5,4,5.0,10000.0,490000.0,3.0,1,8,4,2,100.0,Yes,5.0,yes,500000.0,250000.0
616,2018-04-06 13:36:00,2018-04-06 14:00:00,1477,4,5.0,100000.0,1.0,1.0,0.5,0.5,,,0.0,0.0,2.0,3,2,7,4,100.0,Yes,5.0,yes,100000.0,50000.0
617,2018-04-06 13:28:00,2018-04-06 14:00:00,1946,,,0.0,1.0,1.0,0.5,0.5,4,5.0,10000.0,490000.0,3.0,,5,6,2,100.0,Yes,5.0,yes,500000.0,250000.0
618,2018-04-06 13:19:00,2018-04-06 14:01:00,2490,4,5.0,250000.0,2.0,1.0,1.0,1.0,,,0.0,0.0,2.0,3,1,4,5,-2.0,Yes,5.0,yes,250000.0,250000.0
619,2018-04-06 13:39:00,2018-04-06 14:01:00,1295,6,,0.0,,,1.0,1.0,,,0.0,0.0,3.0,1,4,4,5,-2.0,No,,no,0.0,0.0
620,2018-04-06 13:40:00,2018-04-06 14:01:00,1253,4,5.0,25000.0,1.0,1.0,0.3,0.7,,,0.0,0.0,3.0,1,2,4,4,100.0,Yes,5.0,yes,25000.0,7500.0
621,2018-04-06 13:40:00,2018-04-06 14:01:00,1226,,,0.0,,,1.0,1.0,4,6.0,0.0,0.0,3.0,1,5,5,2,-2.0,No,6.0,no,0.0,0.0
622,2018-04-06 13:34:00,2018-04-06 14:01:00,1592,4,5.0,50000.0,1.0,1.0,0.5,0.5,,,0.0,0.0,2.0,1,2,3,5,100.0,Yes,5.0,yes,50000.0,25000.0
623,2018-04-06 13:33:00,2018-04-06 14:01:00,1669,4,6.0,0.0,,,1.0,1.0,,,0.0,0.0,2.0,,3,6,3,-2.0,No,6.0,no,0.0,0.0
624,2018-04-06 13:37:00,2018-04-06 14:01:00,1434,,,0.0,2.0,2.0,1.0,1.0,4,5.0,10000.0,490000.0,2.0,3,7,7,4,-2.0,Yes,5.0,yes,500000.0,500000.0
625,2018-04-06 13:38:00,2018-04-06 14:01:00,1355,4,5.0,250000.0,1.0,1.0,0.7,0.3,,,0.0,0.0,2.0,1,1,5,3,100.0,Yes,5.0,yes,250000.0,175000.0
626,2018-04-06 13:35:00,2018-04-06 14:01:00,1560,6,,0.0,,,1.0,1.0,,,0.0,0.0,3.0,1,2,6,4,-2.0,No,,no,0.0,0.0
627,2018-04-06 13:39:00,2018-04-06 14:01:00,1296,6,,0.0,,,1.0,1.0,,,0.0,0.0,3.0,,1,4,5,-2.0,No,,no,0.0,0.0
628,2018-04-06 13:41:00,2018-04-06 14:01:00,1183,6,,0.0,,,1.0,1.0,,,0.0,0.0,3.0,,2,6,4,-2.0,No,,no,0.0,0.0
629,2018-04-06 13:22:00,2018-04-06 14:01:00,2363,6,,0.0,,,1.0,1.0,,,0.0,0.0,3.0,1,2,7,5,-2.0,No,,no,0.0,0.0
630,2018-04-06 13:20:00,2018-04-06 14:01:00,2491,,,0.0,,,1.0,1.0,6,,0.0,0.0,3.0,1,8,7,4,-2.0,No,,no,0.0,0.0
631,2018-04-06 13:40:00,2018-04-06 14:01:00,1259,,,0.0,,,1.0,1.0,6,,0.0,0.0,3.0,1,7,6,2,-2.0,No,,no,0.0,0.0
632,2018-04-06 13:20:00,2018-04-06 14:02:00,2488,4,6.0,0.0,,,1.0,1.0,,,0.0,0.0,3.0,1,2,4,4,-2.0,No,6.0,no,0.0,0.0
633,2018-04-06 13:30:00,2018-04-06 14:02:00,1923,,,0.0,2.0,2.0,1.0,1.0,4,5.0,10000.0,490000.0,2.0,1,5,9,4,-2.0,Yes,5.0,yes,500000.0,500000.0
634,2018-04-06 13:39:00,2018-04-06 14:02:00,1351,,,0.0,,,1.0,1.0,4,6.0,0.0,0.0,3.0,1,7,6,4,-2.0,No,6.0,no,0.0,0.0
635,2018-04-06 13:37:00,2018-04-06 14:02:00,1503,6,,0.0,,,1.0,1.0,,,0.0,0.0,3.0,1,4,6,4,-2.0,No,,no,0.0,0.0
636,2018-04-06 13:40:00,2018-04-06 14:02:00,1294,6,,0.0,,,1.0,1.0,,,0.0,0.0,3.0,1,3,6,4,-2.0,No,,no,0.0,0.0
637,2018-04-06 13:39:00,2018-04-06 14:02:00,1372,4,5.0,2500.0,1.0,1.0,0.1,0.9,,,0.0,0.0,2.0,,1,6,4,100.0,Yes,5.0,yes,2500.0,250.0
638,2018-04-06 13:36:00,2018-04-06 14:02:00,1564,4,5.0,100000.0,1.0,1.0,0.9,0.1,,,0.0,0.0,2.0,1,3,2,3,100.0,Yes,5.0,yes,100000.0,90000.0
639,2018-04-06 13:32:00,2018-04-06 14:02:00,1830,6,,0.0,,,1.0,1.0,,,0.0,0.0,3.0,1,3,6,3,-2.0,No,,no,0.0,0.0
640,2018-04-06 13:37:00,2018-04-06 14:03:00,1542,,,0.0,2.0,2.0,1.0,1.0,4,5.0,10000.0,200000.0,1.0,3,7,5,1,-2.0,Yes,5.0,yes,210000.0,210000.0
641,2018-04-06 13:42:00,2018-04-06 14:03:00,1245,,,0.0,,,1.0,1.0,6,,0.0,0.0,3.0,1,5,7,5,-2.0,No,,no,0.0,0.0
642,2018-04-06 13:37:00,2018-04-06 14:03:00,1598,6,,0.0,,,1.0,1.0,,,0.0,0.0,2.0,1,4,4,2,-2.0,No,,no,0.0,0.0
643,2018-04-06 13:31:00,2018-04-06 14:03:00,1925,4,5.0,500000.0,1.0,2.0,1.0,1.0,,,0.0,0.0,1.0,1,2,4,4,-2.0,Yes,5.0,yes,500000.0,500000.0
644,2018-04-06 13:41:00,2018-04-06 14:04:00,1338,,,0.0,,,1.0,1.0,6,,0.0,0.0,3.0,3,6,6,4,-2.0,No,,no,0.0,0.0
645,2018-04-06 13:31:00,2018-04-06 14:04:00,1950,6,,0.0,,,1.0,1.0,,,0.0,0.0,3.0,1,2,6,4,-2.0,No,,no,0.0,0.0
646,2018-04-06 13:43:00,2018-04-06 14:04:00,1246,,,0.0,2.0,2.0,1.0,1.0,4,5.0,10000.0,490000.0,2.0,3,5,5,4,-2.0,Yes,5.0,yes,500000.0,500000.0
647,2018-04-06 13:38:00,2018-04-06 14:04:00,1562,,,0.0,,,1.0,1.0,6,,0.0,0.0,3.0,1,7,3,2,-2.0,No,,no,0.0,0.0
648,2018-04-06 13:41:00,2018-04-06 14:05:00,1425,6,,0.0,,,1.0,1.0,,,0.0,0.0,3.0,1,1,7,6,-2.0,No,,no,0.0,0.0
649,2018-04-06 13:15:00,2018-04-06 14:05:00,2986,,,0.0,2.0,2.0,1.0,1.0,4,5.0,10000.0,50000.0,2.0,3,7,6,4,-2.0,Yes,5.0,yes,60000.0,60000.0
650,2018-04-06 13:43:00,2018-04-06 14:05:00,1352,,,0.0,,,1.0,1.0,6,,0.0,0.0,3.0,,7,2,4,-2.0,No,,no,0.0,0.0
651,2018-04-06 13:21:00,2018-04-06 14:05:00,2617,4,5.0,100000.0,1.0,2.0,1.0,1.0,,,0.0,0.0,2.0,,3,3,2,-2.0,Yes,5.0,yes,100000.0,100000.0
652,2018-04-06 13:43:00,2018-04-06 14:05:00,1348,,,0.0,,,1.0,1.0,6,,0.0,0.0,3.0,3,6,6,3,-2.0,No,,no,0.0,0.0
653,2018-04-06 13:33:00,2018-04-06 14:05:00,1953,,,0.0,2.0,2.0,1.0,1.0,4,5.0,10000.0,120000.0,3.0,1,5,5,2,-2.0,Yes,5.0,yes,130000.0,130000.0
654,2018-04-06 13:38:00,2018-04-06 14:06:00,1682,,,0.0,,,1.0,1.0,6,,0.0,0.0,3.0,,5,6,4,-2.0,No,,no,0.0,0.0
655,2018-04-06 13:40:00,2018-04-06 14:06:00,1559,,,0.0,1.0,2.0,1.0,1.0,4,5.0,10000.0,5000.0,2.0,1,6,3,2,-2.0,Yes,5.0,yes,15000.0,15000.0
656,2018-04-06 13:39:00,2018-04-06 14:06:00,1633,6,,0.0,,,1.0,1.0,,,0.0,0.0,3.0,1,2,4,3,-2.0,No,,no,0.0,0.0
657,2018-04-06 13:45:00,2018-04-06 14:06:00,1265,,,0.0,,,1.0,1.0,6,,0.0,0.0,2.0,1,7,7,4,-2.0,No,,no,0.0,0.0
658,2018-04-06 13:44:00,2018-04-06 14:06:00,1362,,,0.0,2.0,2.0,1.0,1.0,4,5.0,250000.0,10000.0,1.0,1,7,6,4,-2.0,Yes,5.0,yes,260000.0,260000.0
659,2018-04-06 13:38:00,2018-04-06 14:07:00,1702,,,0.0,1.0,1.0,0.8,0.2,4,5.0,10000.0,250000.0,3.0,1,8,5,2,100.0,Yes,5.0,yes,260000.0,208000.0
660,2018-04-06 13:25:00,2018-04-06 14:07:00,2548,4,5.0,500000.0,2.0,2.0,1.0,1.0,,,0.0,0.0,1.0,3,1,6,3,-2.0,Yes,5.0,yes,500000.0,500000.0
661,2018-04-06 13:44:00,2018-04-06 14:07:00,1367,,,0.0,,,1.0,1.0,6,,0.0,0.0,3.0,1,7,4,2,-2.0,No,,no,0.0,0.0
662,2018-04-06 13:42:00,2018-04-06 14:07:00,1530,,,0.0,,,1.0,1.0,6,,0.0,0.0,3.0,1,8,4,3,-2.0,No,,no,0.0,0.0
663,2018-04-06 13:35:00,2018-04-06 14:07:00,1958,,,0.0,2.0,2.0,1.0,1.0,4,5.0,10000.0,490000.0,2.0,,8,4,3,-2.0,Yes,5.0,yes,500000.0,500000.0
664,2018-04-06 13:38:00,2018-04-06 14:08:00,1793,4,5.0,100000.0,2.0,2.0,1.0,1.0,,,0.0,0.0,1.0,3,4,2,3,-2.0,Yes,5.0,yes,100000.0,100000.0
665,2018-04-06 13:45:00,2018-04-06 14:08:00,1386,,,0.0,,,1.0,1.0,6,,0.0,0.0,3.0,1,6,4,2,-2.0,No,,no,0.0,0.0
666,2018-04-06 13:42:00,2018-04-06 14:08:00,1570,6,,0.0,,,1.0,1.0,,,0.0,0.0,3.0,1,4,8,3,-2.0,No,,no,0.0,0.0
667,2018-04-06 13:40:00,2018-04-06 14:08:00,1684,6,,0.0,,,1.0,1.0,,,0.0,0.0,3.0,1,3,4,3,-2.0,No,,no,0.0,0.0
668,2018-04-06 13:47:00,2018-04-06 14:08:00,1274,,,0.0,1.0,1.0,0.45,0.55,4,5.0,15000.0,5000.0,3.0,1,6,6,3,100.0,Yes,5.0,yes,20000.0,9000.0
669,2018-04-06 13:44:00,2018-04-06 14:09:00,1508,,,0.0,2.0,2.0,1.0,1.0,4,5.0,10000.0,490000.0,1.0,3,6,5,3,-2.0,Yes,5.0,yes,500000.0,500000.0
670,2018-04-06 13:48:00,2018-04-06 14:09:00,1217,6,,0.0,,,1.0,1.0,,,0.0,0.0,3.0,3,2,5,3,-2.0,No,,no,0.0,0.0
671,2018-04-06 13:48:00,2018-04-06 14:09:00,1254,,,0.0,,,1.0,1.0,6,,0.0,0.0,3.0,1,8,6,4,-2.0,No,,no,0.0,0.0
672,2018-04-06 13:49:00,2018-04-06 14:09:00,1228,,,0.0,,,1.0,1.0,6,,0.0,0.0,3.0,1,5,4,3,-2.0,No,,no,0.0,0.0
673,2018-04-06 13:48:00,2018-04-06 14:10:00,1315,,,0.0,,,1.0,1.0,6,,0.0,0.0,3.0,,7,5,4,-2.0,No,,no,0.0,0.0
674,2018-04-06 13:40:00,2018-04-06 14:11:00,1820,6,,0.0,,,1.0,1.0,,,0.0,0.0,3.0,3,3,3,3,-2.0,No,,no,0.0,0.0
675,2018-04-06 13:42:00,2018-04-06 14:11:00,1730,,,0.0,1.0,2.0,1.0,1.0,4,5.0,10000.0,250000.0,3.0,1,8,4,3,-2.0,Yes,5.0,yes,260000.0,260000.0
676,2018-04-06 13:40:00,2018-04-06 14:11:00,1851,6,,0.0,,,1.0,1.0,,,0.0,0.0,3.0,1,4,6,3,-2.0,No,,no,0.0,0.0
677,2018-04-06 13:55:00,2018-04-06 14:11:00,972,4,5.0,75000.0,2.0,2.0,1.0,1.0,,,0.0,0.0,1.0,,1,4,1,-2.0,Yes,5.0,yes,75000.0,75000.0
678,2018-04-06 13:43:00,2018-04-06 14:11:00,1688,4,5.0,500000.0,2.0,2.0,1.0,1.0,,,0.0,0.0,1.0,3,3,7,2,-2.0,Yes,5.0,yes,500000.0,500000.0
679,2018-04-06 13:41:00,2018-04-06 14:12:00,1875,4,5.0,425000.0,2.0,2.0,1.0,1.0,,,0.0,0.0,3.0,1,4,6,3,-2.0,Yes,5.0,yes,425000.0,425000.0
680,2018-04-06 13:49:00,2018-04-06 14:12:00,1389,6,,0.0,,,1.0,1.0,,,0.0,0.0,3.0,1,3,4,4,-2.0,No,,no,0.0,0.0
681,2018-04-06 13:49:00,2018-04-06 14:12:00,1402,,,0.0,,,1.0,1.0,6,,0.0,0.0,3.0,1,7,6,4,-2.0,No,,no,0.0,0.0
682,2018-04-06 13:23:00,2018-04-06 14:13:00,2960,,,0.0,1.0,1.0,0.6,0.4,4,5.0,10000.0,490000.0,2.0,1,5,6,2,100.0,Yes,5.0,yes,500000.0,300000.0
683,2018-04-06 13:53:00,2018-04-06 14:13:00,1244,6,,0.0,,,1.0,1.0,,,0.0,0.0,3.0,1,4,4,4,-2.0,No,,no,0.0,0.0
684,2018-04-06 13:49:00,2018-04-06 14:14:00,1482,4,5.0,500000.0,1.0,1.0,0.85,0.15,,,0.0,0.0,2.0,1,2,6,4,100.0,Yes,5.0,yes,500000.0,425000.0
685,2018-04-06 13:49:00,2018-04-06 14:14:00,1468,,,0.0,2.0,2.0,1.0,1.0,4,5.0,10000.0,490000.0,1.0,1,8,6,2,-2.0,Yes,5.0,yes,500000.0,500000.0
686,2018-04-06 13:45:00,2018-04-06 14:14:00,1757,4,5.0,250000.0,1.0,2.0,1.0,1.0,,,0.0,0.0,1.0,3,4,4,4,-2.0,Yes,5.0,yes,250000.0,250000.0
687,2018-04-06 13:55:00,2018-04-06 14:14:00,1140,,,0.0,,,1.0,1.0,6,,0.0,0.0,3.0,1,5,6,3,-2.0,No,,no,0.0,0.0
688,2018-04-06 13:51:00,2018-04-06 14:14:00,1410,6,,0.0,,,1.0,1.0,,,0.0,0.0,3.0,1,3,6,5,-2.0,No,,no,0.0,0.0
689,2018-04-06 13:53:00,2018-04-06 14:15:00,1278,,,0.0,1.0,1.0,0.7,0.3,4,5.0,3000.0,60000.0,1.0,3,6,3,3,100.0,Yes,5.0,yes,63000.0,44100.0
690,2018-04-06 13:54:00,2018-04-06 14:16:00,1350,,,0.0,,,1.0,1.0,6,,0.0,0.0,3.0,1,6,5,2,-2.0,No,,no,0.0,0.0
691,2018-04-06 13:54:00,2018-04-06 14:18:00,1421,6,,0.0,,,1.0,1.0,,,0.0,0.0,3.0,1,4,2,2,-2.0,No,,no,0.0,0.0
692,2018-04-06 13:58:00,2018-04-06 14:18:00,1219,4,5.0,250000.0,2.0,2.0,1.0,1.0,,,0.0,0.0,2.0,3,3,6,4,-2.0,Yes,5.0,yes,250000.0,250000.0
693,2018-04-06 13:57:00,2018-04-06 14:19:00,1274,,,0.0,,,1.0,1.0,4,6.0,0.0,0.0,3.0,3,6,5,2,-2.0,No,6.0,no,0.0,0.0
694,2018-04-06 13:39:00,2018-04-06 14:19:00,2380,4,5.0,300000.0,2.0,2.0,1.0,1.0,,,0.0,0.0,1.0,3,4,4,2,-2.0,Yes,5.0,yes,300000.0,300000.0
695,2018-04-06 14:00:00,2018-04-06 14:19:00,1148,,,0.0,,,1.0,1.0,6,,0.0,0.0,3.0,1,5,6,3,-2.0,No,,no,0.0,0.0
696,2018-04-06 13:56:00,2018-04-06 14:19:00,1408,6,,0.0,,,1.0,1.0,,,0.0,0.0,3.0,,3,4,3,-2.0,No,,no,0.0,0.0
697,2018-04-06 14:01:00,2018-04-06 14:21:00,1197,4,5.0,100000.0,1.0,1.0,0.6,0.4,,,0.0,0.0,2.0,3,3,6,6,100.0,Yes,5.0,yes,100000.0,60000.0
698,2018-04-06 14:01:00,2018-04-06 14:21:00,1184,6,,0.0,,,1.0,1.0,,,0.0,0.0,3.0,1,2,7,4,-2.0,No,,no,0.0,0.0
699,2018-04-06 13:54:00,2018-04-06 14:22:00,1648,,,0.0,2.0,2.0,1.0,1.0,4,5.0,10000.0,490000.0,2.0,3,7,6,5,-2.0,Yes,5.0,yes,500000.0,500000.0
700,2018-04-06 14:01:00,2018-04-06 14:22:00,1254,6,,0.0,,,1.0,1.0,,,0.0,0.0,3.0,3,2,6,3,-2.0,No,,no,0.0,0.0
701,2018-04-06 13:51:00,2018-04-06 14:22:00,1878,6,,0.0,,,1.0,1.0,,,0.0,0.0,2.0,1,1,5,3,-2.0,No,,no,0.0,0.0
702,2018-04-06 13:57:00,2018-04-06 14:22:00,1531,,,0.0,2.0,2.0,1.0,1.0,4,5.0,10000.0,150000.0,1.0,3,6,6,4,-2.0,Yes,5.0,yes,160000.0,160000.0
703,2018-04-06 14:02:00,2018-04-06 14:23:00,1259,,,0.0,,,1.0,1.0,6,,0.0,0.0,3.0,1,8,6,3,-2.0,No,,no,0.0,0.0
704,2018-04-06 13:59:00,2018-04-06 14:23:00,1419,,,0.0,,,1.0,1.0,4,6.0,0.0,0.0,3.0,1,7,5,4,-2.0,No,6.0,no,0.0,0.0
705,2018-04-06 14:03:00,2018-04-06 14:24:00,1223,,,0.0,,,1.0,1.0,6,,0.0,0.0,3.0,,5,3,2,-2.0,No,,no,0.0,0.0
706,2018-04-06 14:01:00,2018-04-06 14:24:00,1361,,,0.0,1.0,1.0,0.7,0.3,4,5.0,10000.0,200000.0,3.0,1,8,7,3,100.0,Yes,5.0,yes,210000.0,147000.0
707,2018-04-06 13:59:00,2018-04-06 14:24:00,1490,,,0.0,2.0,2.0,1.0,1.0,4,5.0,10000.0,250000.0,2.0,3,8,5,4,-2.0,Yes,5.0,yes,260000.0,260000.0
708,2018-04-06 14:02:00,2018-04-06 14:24:00,1353,,,0.0,,,1.0,1.0,6,,0.0,0.0,3.0,1,8,4,4,-2.0,No,,no,0.0,0.0
709,2018-04-06 14:01:00,2018-04-06 14:25:00,1430,,,0.0,,,1.0,1.0,6,,0.0,0.0,3.0,,5,3,3,-2.0,No,,no,0.0,0.0
711,2018-04-06 14:06:00,2018-04-06 14:25:00,1186,6,,0.0,,,1.0,1.0,,,0.0,0.0,3.0,,2,3,4,-2.0,No,,no,0.0,0.0
712,2018-04-06 13:57:00,2018-04-06 14:26:00,1722,6,,0.0,,,1.0,1.0,,,0.0,0.0,3.0,3,1,4,3,-2.0,No,,no,0.0,0.0
713,2018-04-06 14:03:00,2018-04-06 14:27:00,1428,,,0.0,1.0,1.0,0.7,0.3,4,5.0,10000.0,10000.0,2.0,3,6,5,3,100.0,Yes,5.0,yes,20000.0,14000.0
714,2018-04-06 14:06:00,2018-04-06 14:27:00,1202,,,0.0,,,1.0,1.0,6,,0.0,0.0,3.0,1,6,6,4,-2.0,No,,no,0.0,0.0
715,2018-04-06 14:06:00,2018-04-06 14:27:00,1237,4,6.0,0.0,,,1.0,1.0,,,0.0,0.0,2.0,,1,3,5,-2.0,No,6.0,no,0.0,0.0
716,2018-04-06 14:00:00,2018-04-06 14:27:00,1627,,,0.0,2.0,2.0,1.0,1.0,4,5.0,10000.0,490000.0,1.0,3,7,5,2,-2.0,Yes,5.0,yes,500000.0,500000.0
717,2018-04-06 14:01:00,2018-04-06 14:27:00,1553,,,0.0,,,1.0,1.0,4,6.0,0.0,0.0,2.0,3,7,6,2,-2.0,No,6.0,no,0.0,0.0
718,2018-04-06 14:05:00,2018-04-06 14:27:00,1356,6,,0.0,,,1.0,1.0,,,0.0,0.0,3.0,1,4,7,3,-2.0,No,,no,0.0,0.0
719,2018-04-06 14:06:00,2018-04-06 14:28:00,1263,6,,0.0,,,1.0,1.0,,,0.0,0.0,3.0,1,2,1,5,-2.0,No,,no,0.0,0.0
720,2018-04-06 14:07:00,2018-04-06 14:28:00,1258,,,0.0,,,1.0,1.0,6,,0.0,0.0,3.0,1,8,5,5,-2.0,No,,no,0.0,0.0
721,2018-04-06 14:03:00,2018-04-06 14:28:00,1485,4,5.0,250000.0,1.0,1.0,0.2,0.8,,,0.0,0.0,3.0,1,3,6,2,100.0,Yes,5.0,yes,250000.0,50000.0
722,2018-04-06 14:05:00,2018-04-06 14:28:00,1390,,,0.0,,,1.0,1.0,4,6.0,0.0,0.0,2.0,3,6,7,3,-2.0,No,6.0,no,0.0,0.0
723,2018-04-06 14:05:00,2018-04-06 14:29:00,1450,,,0.0,2.0,2.0,1.0,1.0,4,5.0,10000.0,75000.0,1.0,3,6,4,2,-2.0,Yes,5.0,yes,85000.0,85000.0
724,2018-04-06 14:07:00,2018-04-06 14:29:00,1345,6,,0.0,,,1.0,1.0,,,0.0,0.0,3.0,1,4,6,4,-2.0,No,,no,0.0,0.0
725,2018-04-06 14:03:00,2018-04-06 14:29:00,1552,4,5.0,5000.0,1.0,2.0,1.0,1.0,,,0.0,0.0,3.0,1,3,3,2,-2.0,Yes,5.0,yes,5000.0,5000.0
726,2018-04-06 14:05:00,2018-04-06 14:29:00,1422,,,0.0,,,1.0,1.0,6,,0.0,0.0,3.0,1,5,6,4,-2.0,No,,no,0.0,0.0
727,2018-04-06 14:06:00,2018-04-06 14:30:00,1437,4,5.0,10000.0,2.0,1.0,1.0,1.0,,,0.0,0.0,1.0,3,1,4,3,-2.0,Yes,5.0,yes,10000.0,10000.0
728,2018-04-06 14:10:00,2018-04-06 14:30:00,1205,6,,0.0,,,1.0,1.0,,,0.0,0.0,3.0,1,3,6,3,-2.0,No,,no,0.0,0.0
729,2018-04-06 14:08:00,2018-04-06 14:30:00,1327,,,0.0,1.0,1.0,0.8,0.2,4,5.0,10000.0,75000.0,2.0,1,7,8,4,100.0,Yes,5.0,yes,85000.0,68000.0
730,2018-04-06 14:05:00,2018-04-06 14:31:00,1541,,,0.0,,,1.0,1.0,4,6.0,0.0,0.0,3.0,1,8,6,4,-2.0,No,6.0,no,0.0,0.0
731,2018-04-06 14:10:00,2018-04-06 14:31:00,1271,,,0.0,,,1.0,1.0,4,6.0,0.0,0.0,2.0,,5,7,3,-2.0,No,6.0,no,0.0,0.0
732,2018-04-06 14:07:00,2018-04-06 14:31:00,1438,6,,0.0,,,1.0,1.0,,,0.0,0.0,3.0,1,3,6,3,-2.0,No,,no,0.0,0.0
733,2018-04-06 13:54:00,2018-04-06 14:32:00,2222,4,5.0,150000.0,1.0,1.0,0.75,0.25,,,0.0,0.0,1.0,3,2,3,4,100.0,Yes,5.0,yes,150000.0,112500.0
734,2018-04-06 14:06:00,2018-04-06 14:32:00,1520,,,0.0,,,1.0,1.0,6,,0.0,0.0,3.0,1,5,4,4,-2.0,No,,no,0.0,0.0
735,2018-04-06 14:05:00,2018-04-06 14:32:00,1596,4,5.0,250000.0,1.0,1.0,0.8,0.2,,,0.0,0.0,3.0,1,3,6,3,100.0,Yes,5.0,yes,250000.0,200000.0
736,2018-04-06 14:10:00,2018-04-06 14:32:00,1312,,,0.0,2.0,2.0,1.0,1.0,4,5.0,10000.0,490000.0,2.0,1,8,6,2,-2.0,Yes,5.0,yes,500000.0,500000.0
737,2018-04-06 14:08:00,2018-04-06 14:32:00,1449,4,5.0,175000.0,1.0,2.0,1.0,1.0,,,0.0,0.0,3.0,1,1,8,5,-2.0,Yes,5.0,yes,175000.0,175000.0
738,2018-04-06 14:14:00,2018-04-06 14:33:00,1109,6,,0.0,,,1.0,1.0,,,0.0,0.0,3.0,1,1,6,3,-2.0,No,,no,0.0,0.0
739,2018-04-06 14:08:00,2018-04-06 14:33:00,1479,4,5.0,250000.0,2.0,2.0,1.0,1.0,,,0.0,0.0,2.0,3,2,6,5,-2.0,Yes,5.0,yes,250000.0,250000.0
740,2018-04-06 14:15:00,2018-04-06 14:33:00,1100,,,0.0,,,1.0,1.0,6,,0.0,0.0,2.0,1,7,6,4,-2.0,No,,no,0.0,0.0
741,2018-04-06 14:06:00,2018-04-06 14:33:00,1636,4,5.0,50000.0,1.0,1.0,0.5,0.5,,,0.0,0.0,3.0,1,4,3,3,100.0,Yes,5.0,yes,50000.0,25000.0
742,2018-04-06 14:04:00,2018-04-06 14:34:00,1836,,,0.0,,,1.0,1.0,6,,0.0,0.0,3.0,3,7,6,3,-2.0,No,,no,0.0,0.0
743,2018-04-06 14:12:00,2018-04-06 14:35:00,1403,,,0.0,1.0,1.0,0.3,0.7,4,5.0,10000.0,5000.0,3.0,1,7,6,3,100.0,Yes,5.0,yes,15000.0,4500.0
744,2018-04-06 14:00:00,2018-04-06 14:35:00,2084,4,5.0,100000.0,1.0,1.0,0.5,0.5,,,0.0,0.0,3.0,1,1,7,5,100.0,Yes,5.0,yes,100000.0,50000.0
745,2018-04-06 14:16:00,2018-04-06 14:35:00,1160,,,0.0,,,1.0,1.0,6,,0.0,0.0,3.0,1,6,7,4,-2.0,No,,no,0.0,0.0
746,2018-04-06 14:10:00,2018-04-06 14:35:00,1501,4,5.0,300000.0,2.0,2.0,1.0,1.0,,,0.0,0.0,2.0,,2,6,4,-2.0,Yes,5.0,yes,300000.0,300000.0
747,2018-04-06 14:12:00,2018-04-06 14:36:00,1395,,,0.0,2.0,2.0,1.0,1.0,4,5.0,10000.0,20000.0,1.0,3,6,6,4,-2.0,Yes,5.0,yes,30000.0,30000.0
748,2018-04-06 14:14:00,2018-04-06 14:36:00,1323,4,6.0,0.0,,,1.0,1.0,,,0.0,0.0,2.0,1,3,6,4,-2.0,No,6.0,no,0.0,0.0
749,2018-04-06 14:15:00,2018-04-06 14:37:00,1337,,,0.0,,,1.0,1.0,6,,0.0,0.0,3.0,1,8,4,3,-2.0,No,,no,0.0,0.0
750,2018-04-06 14:12:00,2018-04-06 14:38:00,1548,4,5.0,250000.0,2.0,2.0,1.0,1.0,,,0.0,0.0,2.0,3,4,6,5,-2.0,Yes,5.0,yes,250000.0,250000.0
751,2018-04-06 14:14:00,2018-04-06 14:39:00,1448,4,5.0,250000.0,2.0,2.0,1.0,1.0,,,0.0,0.0,2.0,3,2,3,4,-2.0,Yes,5.0,yes,250000.0,250000.0
752,2018-04-06 14:08:00,2018-04-06 14:39:00,1832,,,0.0,2.0,2.0,1.0,1.0,4,5.0,25000.0,400000.0,2.0,3,6,6,4,-2.0,Yes,5.0,yes,425000.0,425000.0
753,2018-04-06 14:17:00,2018-04-06 14:39:00,1328,,,0.0,,,1.0,1.0,6,,0.0,0.0,3.0,1,5,6,3,-2.0,No,,no,0.0,0.0
754,2018-04-06 14:02:00,2018-04-06 14:39:00,2224,4,5.0,500000.0,2.0,2.0,1.0,1.0,,,0.0,0.0,1.0,3,4,6,4,-2.0,Yes,5.0,yes,500000.0,500000.0
755,2018-04-06 14:18:00,2018-04-06 14:39:00,1257,6,,0.0,,,1.0,1.0,,,0.0,0.0,3.0,1,2,5,1,-2.0,No,,no,0.0,0.0
756,2018-04-06 14:17:00,2018-04-06 14:39:00,1349,,,0.0,,,1.0,1.0,6,,0.0,0.0,3.0,1,7,4,2,-2.0,No,,no,0.0,0.0
757,2018-04-06 14:17:00,2018-04-06 14:40:00,1407,6,,0.0,,,1.0,1.0,,,0.0,0.0,3.0,1,4,4,1,-2.0,No,,no,0.0,0.0
758,2018-04-06 14:04:00,2018-04-06 14:41:00,2203,,,0.0,1.0,1.0,0.15,0.85,4,5.0,10000.0,490000.0,3.0,,7,6,2,100.0,Yes,5.0,yes,500000.0,75000.0
759,2018-04-06 14:14:00,2018-04-06 14:43:00,1735,4,5.0,250000.0,1.0,2.0,1.0,1.0,,,0.0,0.0,2.0,3,4,8,1,-2.0,Yes,5.0,yes,250000.0,250000.0
760,2018-04-06 14:18:00,2018-04-06 14:45:00,1590,,,0.0,,,1.0,1.0,6,,0.0,0.0,3.0,3,6,6,3,-2.0,No,,no,0.0,0.0
761,2018-04-06 14:17:00,2018-04-06 14:45:00,1716,,,0.0,1.0,1.0,0.85,0.15,4,5.0,10000.0,490000.0,2.0,1,7,6,3,100.0,Yes,5.0,yes,500000.0,425000.0
762,2018-04-06 14:17:00,2018-04-06 14:45:00,1734,6,,0.0,,,1.0,1.0,,,0.0,0.0,2.0,1,2,4,2,-2.0,No,,no,0.0,0.0
763,2018-04-06 14:14:00,2018-04-06 14:46:00,1903,4,5.0,250000.0,1.0,2.0,1.0,1.0,,,0.0,0.0,1.0,3,1,7,4,-2.0,Yes,5.0,yes,250000.0,250000.0
764,2018-04-06 14:07:00,2018-04-06 14:46:00,2386,4,5.0,500000.0,1.0,1.0,0.5,0.5,,,0.0,0.0,2.0,,3,6,5,100.0,Yes,5.0,yes,500000.0,250000.0
765,2018-04-06 14:17:00,2018-04-06 14:47:00,1810,,,0.0,,,1.0,1.0,6,,0.0,0.0,3.0,1,8,6,4,-2.0,No,,no,0.0,0.0
766,2018-04-06 14:24:00,2018-04-06 14:48:00,1464,6,,0.0,,,1.0,1.0,,,0.0,0.0,3.0,1,3,8,5,-2.0,No,,no,0.0,0.0
767,2018-04-06 14:14:00,2018-04-06 14:52:00,2261,,,0.0,2.0,2.0,1.0,1.0,4,5.0,10000.0,490000.0,1.0,1,8,6,1,-2.0,Yes,5.0,yes,500000.0,500000.0
768,2018-04-06 14:27:00,2018-04-06 14:53:00,1534,,,0.0,1.0,1.0,0.7,0.3,4,5.0,10000.0,200000.0,2.0,1,5,4,5,100.0,Yes,5.0,yes,210000.0,147000.0
769,2018-04-06 16:28:00,2018-04-06 16:47:00,1149,6,,0.0,,,1.0,1.0,,,0.0,0.0,3.0,1,2,4,4,-2.0,No,,no,0.0,0.0
770,2018-04-06 16:28:00,2018-04-06 16:48:00,1196,6,,0.0,,,1.0,1.0,,,0.0,0.0,3.0,1,1,3,3,-2.0,No,,no,0.0,0.0
771,2018-04-06 16:28:00,2018-04-06 16:48:00,1227,6,,0.0,,,1.0,1.0,,,0.0,0.0,3.0,1,3,6,4,-2.0,No,,no,0.0,0.0
772,2018-04-06 16:28:00,2018-04-06 16:48:00,1202,6,,0.0,,,1.0,1.0,,,0.0,0.0,3.0,1,3,5,4,-2.0,No,,no,0.0,0.0
773,2018-04-06 16:29:00,2018-04-06 16:49:00,1181,4,6.0,0.0,,,1.0,1.0,,,0.0,0.0,2.0,,4,6,2,-2.0,No,6.0,no,0.0,0.0
774,2018-04-06 16:28:00,2018-04-06 16:49:00,1233,6,,0.0,,,1.0,1.0,,,0.0,0.0,3.0,1,4,3,2,-2.0,No,,no,0.0,0.0
775,2018-04-06 16:28:00,2018-04-06 16:50:00,1292,,,0.0,,,1.0,1.0,6,,0.0,0.0,3.0,1,6,6,4,-2.0,No,,no,0.0,0.0
776,2018-04-06 16:30:00,2018-04-06 16:50:00,1205,,,0.0,,,1.0,1.0,6,,0.0,0.0,3.0,1,5,3,2,-2.0,No,,no,0.0,0.0
777,2018-04-06 16:29:00,2018-04-06 16:51:00,1351,6,,0.0,,,1.0,1.0,,,0.0,0.0,3.0,1,4,4,4,-2.0,No,,no,0.0,0.0
778,2018-04-06 16:28:00,2018-04-06 16:51:00,1389,4,5.0,500000.0,2.0,2.0,1.0,1.0,,,0.0,0.0,3.0,1,1,9,2,-2.0,Yes,5.0,yes,500000.0,500000.0
779,2018-04-06 16:28:00,2018-04-06 16:52:00,1401,,,0.0,,,1.0,1.0,6,,0.0,0.0,3.0,1,7,6,4,-2.0,No,,no,0.0,0.0
780,2018-04-06 16:28:00,2018-04-06 16:52:00,1399,4,5.0,50000.0,1.0,1.0,0.5,0.5,,,0.0,0.0,2.0,3,2,6,4,100.0,Yes,5.0,yes,50000.0,25000.0
781,2018-04-06 16:29:00,2018-04-06 16:52:00,1395,,,0.0,1.0,2.0,1.0,1.0,4,5.0,10000.0,490000.0,1.0,3,5,4,2,-2.0,Yes,5.0,yes,500000.0,500000.0
782,2018-04-06 16:29:00,2018-04-06 16:52:00,1402,,,0.0,,,1.0,1.0,6,,0.0,0.0,3.0,1,8,7,3,-2.0,No,,no,0.0,0.0
783,2018-04-06 16:29:00,2018-04-06 16:52:00,1414,,,0.0,1.0,1.0,0.6,0.4,4,5.0,10000.0,100000.0,3.0,1,7,3,3,100.0,Yes,5.0,yes,110000.0,66000.0
784,2018-04-06 16:28:00,2018-04-06 16:52:00,1449,,,0.0,1.0,1.0,0.3,0.7,4,5.0,10000.0,490000.0,3.0,,8,6,4,100.0,Yes,5.0,yes,500000.0,150000.0
785,2018-04-06 16:29:00,2018-04-06 16:53:00,1397,4,5.0,100000.0,1.0,2.0,1.0,1.0,,,0.0,0.0,2.0,3,1,6,2,-2.0,Yes,5.0,yes,100000.0,100000.0
786,2018-04-06 16:29:00,2018-04-06 16:53:00,1441,6,,0.0,,,1.0,1.0,,,0.0,0.0,2.0,3,3,4,4,-2.0,No,,no,0.0,0.0
787,2018-04-06 16:30:00,2018-04-06 16:53:00,1381,,,0.0,,,1.0,1.0,6,,0.0,0.0,2.0,,8,6,1,-2.0,No,,no,0.0,0.0
788,2018-04-06 16:30:00,2018-04-06 16:53:00,1408,6,,0.0,,,1.0,1.0,,,0.0,0.0,3.0,1,2,8,5,-2.0,No,,no,0.0,0.0
789,2018-04-06 16:30:00,2018-04-06 16:55:00,1471,,,0.0,2.0,1.0,1.0,1.0,4,5.0,10000.0,100000.0,3.0,,6,4,2,-2.0,Yes,5.0,yes,110000.0,110000.0
790,2018-04-06 16:30:00,2018-04-06 16:55:00,1487,,,0.0,,,1.0,1.0,6,,0.0,0.0,3.0,,7,3,3,-2.0,No,,no,0.0,0.0
791,2018-04-06 16:34:00,2018-04-06 16:55:00,1283,,,0.0,,,1.0,1.0,6,,0.0,0.0,3.0,,6,3,4,-2.0,No,,no,0.0,0.0
792,2018-04-06 16:29:00,2018-04-06 16:56:00,1616,,,0.0,,,1.0,1.0,6,,0.0,0.0,3.0,1,6,4,4,-2.0,No,,no,0.0,0.0
793,2018-04-06 16:35:00,2018-04-06 16:57:00,1319,4,5.0,200000.0,1.0,1.0,0.7,0.3,,,0.0,0.0,1.0,3,1,4,4,100.0,Yes,5.0,yes,200000.0,140000.0
794,2018-04-06 16:28:00,2018-04-06 16:57:00,1737,4,5.0,200000.0,1.0,1.0,0.65,0.35,,,0.0,0.0,3.0,1,3,6,2,100.0,Yes,5.0,yes,200000.0,130000.0
795,2018-04-06 16:34:00,2018-04-06 16:59:00,1540,,,0.0,,,1.0,1.0,6,,0.0,0.0,3.0,3,8,6,4,-2.0,No,,no,0.0,0.0
796,2018-04-06 16:31:00,2018-04-06 17:00:00,1720,,,0.0,,,1.0,1.0,6,,0.0,0.0,3.0,1,7,7,3,-2.0,No,,no,0.0,0.0
797,2018-04-06 16:39:00,2018-04-06 17:01:00,1287,6,,0.0,,,1.0,1.0,,,0.0,0.0,3.0,,1,4,2,-2.0,No,,no,0.0,0.0
798,2018-04-06 16:39:00,2018-04-06 17:05:00,1516,,,0.0,1.0,1.0,0.7,0.3,4,5.0,10000.0,5000.0,2.0,1,5,4,5,100.0,Yes,5.0,yes,15000.0,10500.0
799,2018-04-06 16:41:00,2018-04-06 17:06:00,1452,4,5.0,500000.0,2.0,2.0,1.0,1.0,,,0.0,0.0,2.0,1,3,6,5,-2.0,Yes,5.0,yes,500000.0,500000.0
801,2018-04-06 16:41:00,2018-04-06 17:14:00,1944,,,0.0,,,1.0,1.0,6,,0.0,0.0,3.0,1,7,6,2,-2.0,No,,no,0.0,0.0
802,2018-04-06 16:49:00,2018-04-06 17:15:00,1564,,,0.0,1.0,1.0,0.65,0.35,4,5.0,10000.0,490000.0,3.0,1,5,4,1,100.0,Yes,5.0,yes,500000.0,325000.0
803,2018-04-06 16:53:00,2018-04-06 17:15:00,1345,4,5.0,1000000.0,2.0,2.0,1.0,1.0,,,0.0,0.0,3.0,1,4,4,3,-2.0,Yes,5.0,yes,500000.0,500000.0
